e,wl,wp,ccq,phicq,Es
0.797,39,21.7,29,14,4.21
0.949,38.8,21.3,17,12.5,3.23
0.789,40.1,22,27,14,5.4
0.833,40.5,22,24,15.5,4.85
0.915,40.8,22.4,21,15.5,3.6
0.978,39.2,21.7,17,14,3.52
0.814,32.1,19.5,19,26,6.75
0.786,32.1,19.3,19,27,7.07
0.867,32.4,19.7,14,25,5.67
0.793,31.9,18.7,19,25,5.76
0.79,33.5,19.7,17,26,5.82
0.879,34.9,20.7,29,19,5.5
0.786,32,19,17,25,6.47
0.917,35.8,19.8,24,17,4.25
0.818,32.2,19.1,19,26,6.71
0.807,32.5,19.3,17,22.5,5.8
0.819,32.7,19.2,17,22.5,5.62
0.901,33.8,20.4,16,25,5.4
0.83,42.1,23.2,29,15.5,3.97
0.927,38.5,21.2,19,15,3.12
0.901,41,22.5,24,14,4.17
0.938,38.9,21.8,20,15.5,3.56
0.881,34.5,19.6,26,20.5,4.28
0.911,33.9,19,16,17.5,3.48
0.802,34.6,19.4,26,17.5,3.97
0.78,39.1,21.8,29,15,4.35
0.95,38.9,21.8,21,16,3.13
0.765,39.2,20.1,29,14,4.16
0.91,34.6,19.4,24,16,3.16
0.835,34.7,19.7,24,20.5,5.67
0.857,34.8,21.3,14,25.5,6.36
0.919,32.8,20.6,14,23.5,4.73
0.947,33.7,20,14,24,5.74
0.901,34.9,21.1,14,25.5,6.57
0.864,32.2,19,14,24,5.81
0.908,32.4,19.8,14,24,6.56
0.913,34,21.7,14,25.5,5.98
0.916,35.2,22.8,14,27,5.95
0.748,31.8,17.8,21,23.5,7.15
0.861,31.9,18.8,14,23,5.05
0.895,33.6,20,14,23.5,5.73
0.89,34.2,22,14,24,5.82
0.918,33.2,19.8,14,24,5.5
0.897,34,21,14,23.5,5.74
0.838,33.5,21,14,24,6.29
0.875,35.4,20.4,26,19.5,5.11
0.901,33.4,20.9,14,22.5,6.44
0.907,36.7,22,24,16,5.75
0.98,32.6,21.9,14,23.5,5.08
0.927,35.1,19.2,21,17.5,4.77
0.916,34.6,20.7,14,24,4.86
0.952,36.1,21.9,21,15.5,5.3
0.977,39.2,20.4,21,17,4.75
0.946,34.7,21.9,14,25,5.21
0.947,32.4,18.5,14,23,5.86
1.138,33.7,20.8,10,25.5,5.05
1.123,34.2,21.6,10,24,3.45
0.875,33.4,20.1,14,23.5,5.67
0.895,34.8,19.5,29,17,4.49
0.915,35,20.6,19,17,4.8
0.91,35.8,22.1,14,24,6.43
0.732,31.9,18.4,21,25,6.23
0.735,34.6,21.9,24,24,6.33
0.828,34.4,21.4,14,23.5,4.54
0.861,31.9,18.8,14,23,5.05
0.895,33.6,20,14,23.5,5.73
0.89,34.2,22,14,24,5.82
1.013,34.7,21.2,14,23.5,5.06
0.788,37.9,21.1,24,18.5,5.54
0.869,38,22.4,24,18.5,4.76
0.931,37.7,21,19,18.5,4.7
0.767,35.5,21.2,29,17.5,5
0.952,36.1,22.4,14,25.5,6.75
0.967,35,22.6,14,26,5.54
1.07,39.9,20.5,16,13.5,3.51
0.918,33.6,21.2,14,27,5.68
0.938,39.3,21.1,21,15.5,3.78
0.852,35.1,20.1,23,21.5,5.09
0.821,37.7,21.2,24,19.5,4.17
0.813,39.5,21,29,16,4.24
0.812,39.3,22.1,29,14,4.48
0.847,39.8,20.3,29,12.5,4.18
0.917,30.9,18.3,14,25.5,4.99
0.901,35.5,21.3,24,20.5,5.48
0.912,34,18.8,24,19,5.28
0.996,38.8,20.3,16,12.5,3.12
0.843,36.1,19.9,24,15,4.35
1.022,40.2,20.3,16,14,2.89
0.858,33,17.9,24,16,3.89
0.819,34,19.6,29,15.5,4.38
0.974,36,20,17,17,3.64
0.965,34.9,19,17,16,3.8
0.958,36.3,19.5,19,15.5,3.86
0.944,38.3,21.2,17,14,3.98
0.93,40,22.7,21,17.5,4.04
1.086,38.8,21.3,16,11.5,3.19
0.921,39.5,21.9,24,14,4.09
0.996,38.8,20.3,16,12.5,3.12
0.843,36.1,19.9,24,15,4.35
0.858,33,17.9,24,16,3.89
0.974,36,20,17,17,3.64
0.965,34.9,19,17,16,3.8
0.958,36.3,19.5,19,15.5,3.86
0.944,38.3,21.2,17,14,3.98
0.93,40,22.7,21,17.5,4.04
1.086,38.8,21.3,16,11.5,3.19
0.887,33.1,20.8,14,24,6.27
0.884,39.3,20.2,21,17,4.3
0.864,36.3,21.3,24,16,3.68
0.865,39.3,21.9,18,10.5,4.11
1.005,41.2,21.5,16,13.5,3.35
0.82,34.7,21,24,25,5.4
0.892,38.2,22,19,15.5,4.09
0.818,32.9,19.2,14,25,7.29
0.907,37.2,22.3,24,21,4.49
0.77,30.2,19.5,17,23,7.13
0.814,33.8,19.5,23,18.5,4.56
0.759,38.2,22.9,24,16,5.84
0.862,38.3,22.2,24,18.5,4.1
0.945,31.3,18.8,14,24,6.33
0.818,32.9,19.2,14,25,7.29
0.837,34.9,20.2,24,18.5,4.74
0.868,31.6,19.9,14,23.5,5.43
0.932,32.7,18.4,19,18.5,3.68
0.818,32.9,19.2,14,25,7.29
0.907,37.2,22.3,24,21,4.49
0.817,31.7,19.5,17,27,6.92
0.871,31.7,19.5,14,25,7.01
0.983,33.4,21.3,13,23.5,5.18
0.831,38.4,22,27,19.5,4.71
0.907,37.2,22.3,24,21,4.49
0.871,38.6,21,27,15,4.19
0.886,39,21.3,29,15.5,4.37
0.793,39.2,22.1,29,16,4.51
0.84,35.2,21,29,16,4.89
0.884,38.2,22.5,26,16,4.43
0.83,37.7,21,26,17,4.61
0.839,35.2,19.3,29,19,4.23
0.868,38,21.6,27,17,4.61
0.82,35.1,20.7,27,16,4.74
0.828,34.3,19.1,29,18.5,5.52
0.838,34,19.5,29,21,7.05
0.971,34.7,20.7,21,19,6.28
0.943,36.9,21.3,19,16,4.1
0.986,32,19.8,17,21,6.22
0.805,35.8,20.5,29,19.5,6.93
0.869,32.9,19.9,14,26,6.47
1.127,42.3,23.6,16,12.5,3.12
0.914,41.7,22.6,26,14,5.41
0.875,39.8,22.1,29,17.5,4.83
0.751,37.7,20.7,29,17.5,5.85
0.977,39.4,21.9,23,15,3.81
0.882,38,22.7,26,19.5,5.26
0.786,36.8,20.8,29,17.5,5.46
0.871,34.2,20,26,15.5,4.13
0.842,34,19,20,17.5,5.56
0.865,36.8,21.1,29,19,5.31
0.921,38.8,22.7,26,15,5.66
0.777,34.3,19.1,29,19,5.16
0.815,39.1,20.4,29,14,4.12
0.839,34,19.1,29,15,4.96
0.884,36.9,20.6,21,17.5,6.14
0.95,34.8,20.4,20,17,4.01
0.832,39.9,22,29,15.5,3.97
0.94,38.6,21.8,23,15.5,4.31
0.858,35.9,21,27,17,5.8
0.874,32.7,19.6,16,25,4.73
0.854,34.1,20.6,14,25.5,7.15
1.002,36.1,20.8,21,19,4.15
0.962,35.5,19,21,17.5,5.08
0.773,43,23.5,29,18.5,5.43
0.836,33.7,20.6,14,23.5,6.81
0.936,34.2,20.1,21,19,5.86
0.926,34.3,19.4,20,19.5,4.36
0.969,36.3,21.9,21,18.5,5.38
1.007,35.9,21.2,20,18.5,4.25
0.891,32.3,19.8,14,25,5.11
1.141,38.5,21.8,17,16,4.87
1.03,36.8,20,17,17,4.86
0.942,35.8,19.9,21,20.5,5.66
0.84,35.7,19.4,27,18.5,5.19
0.986,42.1,22.1,21,14,4.81
0.832,33.7,20.4,19,24,5.04
0.76,33.8,20.1,19,24,5.4
0.788,34.1,19.8,29,17.5,4.71
0.902,35.3,19.6,26,19,4.12
0.961,35.4,20.4,24,16,5.05
0.8,33.6,19.9,17,25.5,4.21
0.852,36.9,20.4,29,16,4.15
1.037,38.2,21.5,21,17,4.5
0.937,43.1,21.7,24,14,3.45
0.994,43.1,22.4,21,14,3.44
0.829,35,20.1,24,15,5.78
0.972,34.7,20.2,20,16,4.38
0.865,35.2,20.2,24,15,4.56
0.857,34.2,19.7,27,15.5,5.05
1.08,40.5,20.2,19,14,4.29
0.99,38.3,22.2,20,18.5,3.88
1.083,39.1,22,19,17,4.35
0.946,38.4,20.9,26,15.5,3.82
0.979,36.5,20.5,14,17.5,4.19
1.066,35.2,19.3,13,15.5,3.15
0.924,33.8,20.7,14,24,5.14
0.937,33.2,20.5,14,24,5.38
0.94,35.6,20.2,26,18.5,5.66
1.033,36.7,20.6,13,19,4.6
1.09,38.1,22.3,19,17,4.08
1.08,38.3,22.2,17,20.5,5.73
0.964,33,20.2,14,24,4.83
0.958,30.9,18.8,14,24,5.15
0.956,35.6,21.1,23,16,4.45
0.947,35.9,19.2,21,17.5,4.2
0.819,32.8,19.9,17,23.5,5
0.947,34.3,19.9,23,18.5,4.61
0.846,33.5,20.6,16,22.5,4.99
0.977,34.9,19.7,21,20.5,4.85
0.994,35.5,19.9,21,15.5,4.85
1.033,38.6,20,20,15,4.56
0.934,38.6,20.4,21,16,3.88
0.918,38.5,20.2,23,15.5,3.78
0.915,36.7,21.8,24,18.5,4.63
0.999,39,21.9,24,14,3.66
0.885,36.3,20.2,26,17,4.74
0.924,35.4,19.6,20,16,4.01
0.952,36.7,20,20,15.5,3.6
0.836,36.4,19.8,29,19.5,5.08
1.023,37,22.2,19,16,4.09
1.027,35.2,19.2,17,19,4.35
0.953,34.6,20.4,19,16,4.1
1.08,42.6,21.6,17,14,3.69
1.059,37.4,21.4,13,19,3.54
0.938,39.3,21.1,21,15.5,3.78
0.852,35.1,20.1,23,21.5,5.09
0.821,37.7,21.2,24,19.5,4.17
0.813,39.5,21,29,16,4.24
0.812,39.3,22.1,29,14,4.48
0.847,39.8,20.3,29,12.5,4.18
0.917,30.9,18.3,14,25.5,4.99
0.901,35.5,21.3,24,20.5,5.48
0.912,34,18.8,24,19,5.28
0.853,33.3,20.9,14,25,4.96
0.855,36,20.8,24,17,3.8
0.791,34.5,18.7,30,20.5,5.11
0.747,37.7,20,26,15.5,5.07
0.785,37.4,20.2,24,15.5,3.8
0.844,36.1,20.6,24,20.5,4.38
0.85,36.1,21.9,24,16,4.02
0.773,32.1,18.4,19,25,5.28
0.899,38.9,20.2,17,15,3.53
0.865,37.9,20.7,24,16,4.76
0.852,37.7,20.1,24,17.5,4.5
0.843,36.9,19.6,26,15.5,4.48
0.95,37.6,20.4,17,13.5,3.69
1.097,40.5,23.4,16,12.5,2.92
0.859,39,21.1,19,15,4.37
0.952,39.2,22,16,11.5,3.32
1.049,38.9,21.8,16,11.5,3.03
1.05,40,22.4,16,10,2.84
0.937,43.1,21.5,16,10.5,3.92
0.924,37.5,20.4,19,15.5,3.43
0.877,37.8,20.2,21,15.5,4
0.912,38,20.1,16,14,3.19
0.907,35.7,20.2,17,13.5,3.79
0.959,39.4,20.2,19,13.5,3.43
0.963,40.9,21.8,14,12.5,3.06
1.038,41.9,23.2,17,15.5,3
0.909,38.5,20.5,17,16,3.76
1.14,39.7,22.3,14,12.5,2.56
0.993,37.9,21.3,14,14,3.82
0.814,33.4,19.3,21,17.5,4.48
0.953,40.2,22.7,16,15.5,3.39
1.041,43.6,21,17,14,3.15
0.874,36.3,19.9,14,13.5,3.62
1.071,44,23.3,17,14,3.02
0.867,39.6,20.4,17,15.5,4.68
1.116,42.9,22.3,16,12.5,2.78
0.872,34.6,20.3,14,14,3.64
0.911,36.4,21.1,17,12,3.18
0.961,34.5,20,16,14,2.82
0.941,35.4,21.1,14,15.5,3.13
0.799,35.4,19.4,23,15.5,4.36
0.824,35.9,20.6,23,19.5,4.64
0.765,37.1,20.8,29,17.5,4.95
0.854,38.6,21.8,23,12.5,4.13
0.861,38.1,21.6,23,14,4.28
0.853,37.5,21,23,13.5,4.1
0.797,37,20.9,26,19.5,5.76
0.887,38.5,21.6,23,17,3.91
0.919,39.6,22.3,21,17,3.27
0.829,34.3,20,20,16,4.18
0.836,34.4,20.1,24,14,4.13
0.912,39.2,20.6,16,10.5,4.41
0.849,38.8,21.6,17,13.5,3.57
0.86,34.6,19.6,20,15.5,3.42
0.911,36,21.1,23,16,3.99
0.842,36.3,20.4,20,15,3.09
0.949,38.9,21.4,17,15,2.8
0.886,39.5,21.5,19,12.5,3.94
1.019,40,21.8,17,12.5,2.55
0.924,38.8,21.1,16,12.5,3.32
0.94,41,21.4,17,13.5,3.4
0.91,38.7,21.7,26,19,4.98
0.895,34,19.3,21,16,3.36
0.837,36.8,20,21,14,3.64
0.95,40.3,22.7,17,12.5,2.87
0.838,37,21.4,23,14,3.56
0.911,42.3,22.3,21,17,4.58
0.946,35.1,20.9,21,20.5,4.57
0.922,39.8,22.2,19,15,3.18
0.938,42.7,23.3,17,14,3.08
0.798,36.1,20.4,29,21,5.32
0.846,38.8,21.7,21,14,3.59
0.838,36.2,21.7,27,16,4.19
0.896,41.8,21.9,19,13.5,3.84
0.936,34.5,20.3,20,15.5,6.28
0.961,36.3,21.6,16,12,2.69
0.949,42.2,22.9,20,14,3.42
0.885,36.6,20.6,17,16,3.47
0.837,36.6,20.1,29,17,3.77
0.831,35,20.8,29,21.5,4.98
0.855,39.4,22,21,14,3.68
0.983,42.9,21.9,17,13.5,3.02
0.933,35.8,19.8,17,17,3.42
0.849,35.5,20.3,29,19.5,7.11
1.001,37.4,22.2,20,17,3.9
0.86,34.3,19.3,29,19,4.61
0.931,34,18.5,14,15,3.03
0.771,38.7,22,14,17.5,5.87
0.887,33.9,19.5,21,19.5,4.77
0.838,35.3,20.1,23,21.5,5.1
0.998,37.6,21.6,17,15.5,4.31
0.888,37.3,21.8,21,17.5,5.82
0.841,33.6,20.3,24,21.5,4.67
1.009,37.1,21.1,17,19.5,4.43
0.908,38.8,21.6,20,17,3.11
1.036,40.6,23.1,16,14,3.18
1.023,40.1,22.2,17,13.5,3.33
1.056,40.8,22.6,19,18.5,3.9
1.072,43.3,23.3,17,16,3.4
1.006,42.2,22.6,17,15.5,2.78
0.963,32.6,19,14,24,4.89
1.056,38.1,21.8,17,17,4.83
1.003,34.4,21.1,14,25,4.74
0.942,35.8,22.4,14,24,6.27
0.872,34.2,20.8,14,24,7.09
0.817,34.5,20.3,23,15,4.01
0.946,32.1,19.3,14,23,4.32
0.985,34.7,20.2,20,17.5,4.31
0.882,33.4,21.4,14,26,7.08
0.9,35.2,21.6,14,25,5.27
0.914,36.9,20.6,14,15.5,4.25
0.827,42.2,23,24,17.5,4.7
0.999,35,20,16,20.5,4.45
0.855,41.3,20.1,26,22.5,3.79
0.86,35.2,20.4,17,18.5,3.85
0.87,36.1,19.7,16,15,3.43
0.927,35,20.9,17,17.5,3.49
0.93,36.6,20.6,19,17.5,3.8
0.896,41.7,22.5,17,19,3.72
0.882,34.6,19.5,14,15,3.29
1.043,38.6,21.4,16,16,2.88
0.924,41.3,20.1,20,19,3.52
1.048,38.5,20.9,14,12.5,2.56
0.914,33.6,21.2,14,22.5,4.96
1.08,43.6,21.1,14,13.5,2.66
0.957,41.5,23.4,19,19,3.87
0.928,43.4,22.9,19,13.5,4.59
0.925,38.2,21.1,17,17,3.5
0.888,38.7,21.5,17,16,4.2
0.846,34.7,19.9,17,17.5,4.06
0.889,38.8,21.4,17,15.5,4.14
0.961,39.7,22.5,16,14,2.82
0.934,38.9,21.8,17,15,4.55
0.93,38,19.9,17,12.5,3.6
0.866,34.7,21.4,14,23.5,4.93
0.83,32.4,19.4,14,21.5,4.96
0.939,34.8,20.4,16,15,3.81
0.918,41.3,21.8,16,13.5,3.8
0.905,35.1,19.9,20,16,3.64
0.869,40.4,22.3,21,16,5.17
0.908,37.3,21.3,19,16,4.22
0.826,35.1,20.9,20,17,4.7
0.928,35,20.8,17,16,3.95
0.986,41.3,20.3,17,16,3.54
0.934,37.9,19.4,16,15.5,3.77
0.861,40.5,20.3,19,15,4.41
0.955,37.3,20.2,16,17,4.15
0.934,38,19.2,16,15,4.09
0.975,37.4,20,16,12.5,3.16
0.965,37.6,19.6,14,12.5,3.59
0.908,34.4,19,17,18.5,4.39
0.989,37.7,19.4,16,13.5,3.22
0.944,38.2,20.7,16,14,4.25
0.906,36.9,19.8,16,12,3.03
0.993,42.1,20.9,16,14,3.71
0.886,37.2,19.6,17,15.5,3.5
1.019,36.3,19,16,10,3.42
0.842,34.8,20.3,24,18.5,5.4
1.038,36.6,20.9,16,17,5.84
0.813,31.2,20.7,14,22.5,7.07
0.983,37.7,20.4,16,12.5,4
0.924,34.1,19.8,21,15,4.02
0.959,38.7,20.6,17,13.5,3.8
1.015,38.2,19.4,17,13.5,3.67
1.083,39.3,22.1,16,12.5,3.08
0.885,34.9,18.6,21,16,3.89
0.874,34.2,19.9,20,15,4.39
1.098,37.8,20.5,16,11.5,2.68
1.111,43.7,23.3,16,10,2.44
0.885,36.9,20,17,15,4.18
0.926,33.5,19.2,16,16,4.11
0.864,37.2,20,17,12,3.38
0.992,36.9,21.2,16,14,2.69
0.924,38.7,21.4,17,14,3.4
0.936,35.3,20.3,19,19.5,3.72
0.851,35.1,20.2,19,19,3.72
1.014,37.8,21,14,15.5,3.23
1.103,39.3,23.7,20,21.5,3.52
1.095,44,23.7,14,16,2.68
0.796,35.8,21.6,26,19.5,5.03
1.08,43.6,21.1,14,13.5,2.66
0.917,39.4,22.2,19,17.5,3.84
0.999,41.3,23.1,16,17.5,4.49
0.898,35.4,20.9,17,19,3.43
0.917,42.3,22.4,17,15.5,4.08
0.943,37.1,20.5,17,19,3.73
0.91,36.8,21.9,17,20.5,4.15
0.926,34.2,18.9,17,17,3.42
1.098,38.9,20.4,17,17,4.65
0.952,39.2,20.7,16,16,4.41
0.838,43.1,22.1,29,17.5,4.5
0.834,32.4,20.2,14,23.5,3.59
0.939,37.4,21.7,16,14,4.12
0.87,35.7,20.9,26,18.5,5.15
0.881,35.4,20.4,17,20.5,4.58
0.925,38.2,21.1,17,17,3.5
0.898,35.1,21,17,19.5,4.32
0.925,39.5,21.2,16,15,3.07
0.897,37,20,17,14,4.9
0.81,35.2,19.4,21,22.5,4.15
0.958,38.6,21.3,17,14,3.22
0.81,35.3,20.7,29,18.5,4.64
0.908,36.2,20.8,17,17.5,2.49
0.842,35.1,20.2,29,17,5.5
0.855,34.7,19.4,26,16,4.08
0.922,37.5,20.3,16,13.5,3.94
0.8,35.9,20.8,29,16,4.97
0.946,35,19.9,19,19.5,3.95
1,38.8,21.1,16,12,3.21
0.96,38.6,20.6,16,12.5,3.07
1.084,38.2,20.9,16,15,2.81
0.943,38.4,21.1,17,16,3.48
0.813,42,23.3,23,16,4.1
0.927,38.9,21,26,12.5,3.19
1.069,41.8,22.6,16,12.5,3.08
0.97,34.2,20.3,16,13.5,3.89
1.09,44.5,23,16,12.5,3.63
0.824,40.1,20.7,29,15.5,4.93
0.896,38.8,20.2,17,15.5,4.46
0.927,42.2,23.5,19,15.5,4.62
0.809,42.7,22.2,29,15,5.02
0.967,40.2,21.2,16,17,4.34
0.804,38.2,20.4,29,17.5,4.89
0.968,40.4,22.7,17,15.5,3.63
0.846,38.4,21.3,29,16,4.32
0.845,39.6,22.3,29,17,4.74
0.985,39.9,21.5,19,14,3.95
0.888,39.4,22.2,29,15.5,4.92
0.921,35.6,20.9,17,15,3.63
1.008,37.9,20.5,16,13.5,3.58
0.953,38.8,19.8,17,17,3.59
0.934,39.2,21.4,17,12.5,3.89
0.982,39.3,21.1,16,13.5,2.9
1.055,38.6,21.3,14,12.5,3.28
0.79,37.2,21.3,29,17.5,5.41
0.911,39.7,22.8,17,17.5,4.16
1.035,37.7,21.1,14,15,3.4
0.999,37.3,20.1,16,12.5,3.06
0.773,38,21.5,29,17,4.91
0.869,43.7,22.4,19,18.5,4.16
0.869,42.2,20.4,26,15.5,4.65
0.949,34.6,19.5,17,16,3.68
0.871,31.6,18.5,14,27,6.62
0.871,39.9,21.3,26,14,3.47
0.871,38.8,20.3,24,12.5,3.79
0.918,41.4,19.6,21,14,3.65
0.95,32,18.1,13,23,2.97
0.919,41.2,20.3,21,14,3.33
0.905,38.3,20.7,17,12.5,3.01
0.951,38.6,21.1,17,12,3.1
0.96,42.4,21.5,19,14,3.2
0.946,39.5,21.3,17,13.5,2.89
0.984,43.4,22.3,17,13.5,2.51
0.935,38.4,20.8,21,12.5,3.66
1.072,43.3,21.2,16,12,2.38
0.921,38.1,20.8,17,11.5,3.38
0.948,38.2,20.3,21,12.5,3.92
1.011,38.3,20.8,21,12.5,3.17
0.888,41.5,22.1,26,12.5,3.83
0.96,40.1,22.3,20,13.5,3.07
0.948,38.4,20,23,12.5,2.91
0.879,40.7,20.4,29,15.5,3.64
0.998,38.1,20.9,17,12.5,3.46
1.056,37.6,19.9,17,10.5,3.06
0.956,38,20.3,19,14,3.25
0.829,33.3,19.1,29,15.5,4.43
1.028,40.3,20.2,19,12.5,3.12
0.872,40.2,20.5,26,13.5,3.21
0.925,39.5,21.8,27,15.5,3.1
1.074,42.3,23,20,14,2.41
0.95,38.8,21,21,13.5,3.17
0.867,32.1,19.8,14,23.5,4.71
0.947,42.7,22.5,19,14,3.06
1.063,42.4,21.4,17,14,2.53
0.863,35.3,20.3,20,16,4.58
0.843,34.9,18.3,19,17.5,3.56
0.93,36.3,19.8,19,16,3.97
0.92,36.4,20.3,19,15.5,3.68
0.885,35.1,19.5,26,16,3.29
1.014,37.5,20.6,17,17.5,3.14
0.95,39.7,21.5,19,12.5,3.46
0.899,43.6,23.6,29,14,3.8
0.81,34.6,19.6,29,19.5,4.64
0.94,38.8,21.8,19,16,3.09
0.784,33.5,19.1,30,22.5,6.31
0.906,39,21.7,21,16,3.29
0.932,42.6,22,21,16,4.34
0.969,44,23.6,21,17,4.03
0.917,39.9,20,24,15,5.52
0.803,32.9,19,17,23.5,5.06
0.813,35.7,20.1,27,17,5.7
0.859,36,20.3,26,17,4.73
0.875,39.1,20.3,29,15.5,4.33
0.972,43.1,21,21,15.5,3.25
0.994,44,21.3,23,15.5,4.11
1.055,42.9,21.1,19,12.5,3.52
0.969,39.4,20.9,21,14,3.35
0.944,41.9,22.7,17,15.5,4.04
0.937,38.7,21.4,24,16,3.74
0.801,33.9,19.5,27,17.5,5.17
1.091,41.5,21.1,19,17.5,3.28
0.813,33.3,18,27,20.5,6.47
0.911,41.2,21.4,20,13.5,3.61
0.921,35.6,19.1,19,15,3.28
0.902,44.6,22.6,24,15.5,4.06
0.994,41.9,22.9,19,16,3.42
0.971,36.8,21.1,20,20.5,3.13
0.971,41.2,22.5,23,17,3.47
0.993,39.2,21.8,19,16,3.3
0.865,36,19.5,24,17.5,4
1.023,38,22.3,19,15.5,3.01
0.92,37.1,22.3,19,17,3.74
0.983,38.2,22.2,19,19,3.48
0.911,41.8,23.7,23,15.5,3.9
0.968,42.6,23.5,21,16,3.69
0.85,39.8,21.7,24,15,4.48
0.801,35.3,20,27,21,6.65
0.916,33.8,20.7,14,21,5.75
0.939,38.9,21.7,23,15.5,3.03
0.918,37.2,20.6,20,15.5,3.23
0.964,36.3,21.1,29,20.5,3.5
0.959,38.9,22,16,17.5,3.71
0.902,33.3,18.6,17,15.5,4.65
1.102,39,20.1,17,10,3.99
0.901,37.8,21.1,19,12,3.5
0.907,37.2,21.6,24,19,4.09
1.094,40.8,20.8,17,16,2.84
0.974,36.3,20.5,19,21,3.6
1.019,35.5,19.9,13,17,3.24
1.038,34.7,22.4,10,23,3.29
0.925,38,21.7,19,19.5,3.47
1.03,40.1,22.3,17,14,3.53
0.98,37.4,22.2,17,18.5,3.56
0.92,34,20.5,14,22.5,4.18
0.939,38,21.3,17,17.5,3.9
0.872,38.3,20.7,26,14,3.26
0.881,35.3,20.4,19,16,3.07
0.868,36.8,19.7,14,12.5,3.39
0.987,39.1,21.2,17,16,3.09
1.024,39.8,22,17,16,3.07
1.059,43.4,23.5,17,13.5,3.58
1.01,38,20.7,17,17.5,3.24
0.904,38.8,21.5,20,16,3.26
0.993,38.1,21.5,16,14,3.17
0.797,37.7,20.2,21,17,5.6
0.864,37.4,20.2,23,14,4.15
0.847,37,19.8,26,12.5,4.27
0.986,35.6,21,21,19.5,6.44
0.928,37.5,20.9,16,14,3.37
0.993,40.2,22,21,17,4.77
1.044,38.6,21.8,20,15.5,4.67
1,36.2,21.7,21,21,5.72
0.923,37.9,21.2,21,14,5.01
0.932,41.7,21.8,20,20.5,3.62
0.791,38.5,22,29,16,5.04
0.794,37.4,21.2,29,15,5.32
0.81,38.1,21.7,29,17,4.64
1.021,38.1,20.5,19,15,5.04
0.849,32.2,18.5,16,26,6.26
0.964,35.1,19.4,19,20.5,6.17
0.879,33.6,19.4,21,20,5.11
0.892,34.5,18.8,23,19.5,4.41
1.103,39.6,22.6,19,20.5,3.53
0.853,34.8,18.4,24,22.5,5.56
0.865,35.2,20.4,20,16,4.12
0.983,38.6,20.6,16,12,2.96
0.946,38.9,20.6,21,16,3.6
0.967,39.4,21.6,21,17,3.04
0.933,40.1,21.5,23,15,3.75
0.901,34.9,20.5,23,19,3.44
0.828,34.6,18.9,24,17,6.49
0.865,31.6,18.7,14,25.5,7.04
0.802,33.8,20.1,14,23.5,5.7
0.831,36.3,19.9,17,20.5,5.45
0.86,33,20.5,14,25.5,6.84
1.002,35.9,20.3,17,19.5,6.27
1.001,37.5,23.3,17,17.5,2.98
0.885,36.1,20.7,14,15,3.95
0.805,34.8,19.9,29,16,5.91
0.901,34.9,20.4,17,19,4.07
0.96,34.5,19.3,24,21,3.78
1.016,38.8,21.4,17,15.5,3.45
0.843,35.3,19.4,20,17.5,4.63
0.974,36.9,21.1,19,14,3.31
0.821,33.6,19.9,14,24,6.09
0.863,34.8,21.1,14,24,6.11
0.754,35.8,21,29,17,5.67
0.87,36.5,21.1,23,15,4.73
0.822,32.7,18.4,24,16,4.28
0.898,35.5,20.2,19,13.5,3.66
0.774,39,21.2,29,16,3.36
0.824,35,19.7,24,15,3.27
0.829,38.4,21.3,23,12.5,3.9
0.983,41.1,20.7,19,14,3.22
0.99,35.3,20.2,13,13.5,3.3
0.851,35.8,19.8,17,12,3.73
0.887,31.3,18.3,10,22.5,4.51
0.957,40.7,23.2,17,17,3.71
0.858,39,23.1,24,11.5,5.37
0.895,33.9,19,13,14,3.77
0.908,38.9,20.8,23,12.5,3.69
0.975,39.5,22.3,16,13.5,3.87
0.985,42.8,21.7,16,14,3.36
0.947,38.6,20.1,26,14,3.61
1.02,39.8,22.2,11,11.5,3.51
0.891,37.4,21.2,16,15,3.91
0.884,37.1,20.7,23,17,4.19
0.911,41.4,21.3,17,13.5,5.23
0.92,34.6,20,16,17,3.92
0.95,34.3,19.2,13,18.5,3.96
0.895,34.3,20,19,17,3.75
0.888,35.7,19.4,17,16,3.84
0.935,39.2,20.7,11,11.5,3.47
0.975,35.9,20.8,13,14,3.2
0.996,43.1,22.9,20,18.5,3.16
0.97,38.7,20.7,20,12.5,3.47
0.897,38.3,21.7,23,18.5,3.11
0.856,33.8,19.5,19,14,3.64
1.101,39.2,20.3,13,14,2.91
1.05,44.3,22.4,14,13.5,3.42
1.051,41.7,21.8,19,11.5,3.16
0.915,38.4,20.7,21,17,3.79
0.779,36.1,20.9,29,17.5,7.07
0.895,35,19.8,21,16,5.37
0.927,40.4,21.5,17,14,2.87
0.932,44.7,23.7,26,13.5,4.32
0.887,32,18.4,14,23.5,3.96
0.838,35,19.6,29,18.5,5.57
0.882,39.3,21.5,26,12.5,4.93
0.856,35,20.1,21,19.5,5.52
0.851,31.5,19,14,23.5,5.97
0.955,40.2,20.9,21,14,3.61
0.879,39.9,20.5,23,12.5,5.06
0.905,31.4,19.1,14,25,6.02
0.843,36.3,20.5,29,21,5.78
1.076,40.1,21.5,19,12.5,3.08
0.934,33.8,18.4,17,17.5,2.82
0.901,35.3,19.1,19,17.5,5.5
0.981,39.6,21.4,20,15.5,3.6
0.91,31.8,18.4,14,25.5,6.1
0.996,41,21.5,17,12,3.05
0.982,40.8,21.3,17,14,3.13
0.999,40.4,20.6,17,11.5,3.12
0.955,36,21,17,14,4.05
1.025,39.1,20.4,17,13.5,3.11
0.993,38.3,19,17,14,3.05
0.981,38.8,19.6,17,15,3.47
0.915,34.8,18.5,17,17.5,3.76
1.027,40.5,21.1,17,12.5,2.65
0.981,38.4,19.4,17,13.5,2.89
0.952,36.7,19.7,19,18.5,3.71
0.987,38,19.6,17,12.5,2.88
0.944,38.6,19.6,17,14,2.89
0.954,38.2,19.5,17,12.5,2.6
0.914,39.9,22,21,17,4.13
0.889,39.1,19.8,24,17.5,3.58
0.852,39.1,21.8,24,15.5,4.62
0.794,34.7,20.9,23,25,6.06
0.906,39.1,21.9,23,14,4.1
1.057,41.2,22.2,17,12,2.85
0.88,31.7,18.5,13,26,4.79
1.108,41.6,20.3,16,11.5,3.17
0.926,34.2,18.9,17,14,3.75
1.123,41,20.8,17,15,2.83
1.085,39.1,21.9,15,13,3.01
0.954,34.6,21.8,14,24,6.19
0.734,35.9,19.7,29,20.5,5.24
0.804,40.3,20.9,29,14,5.32
0.895,39,20.4,29,15.5,3.85
0.891,36.9,21.2,24,15.5,4.22
0.917,34.8,19,23,16,4.44
0.814,36.1,19.6,24,15.5,4.99
0.761,35.1,20.3,29,17,4.73
0.939,32.5,20.5,14,25.5,6.8
0.958,34.1,20.5,14,26,5.19
1.013,40.8,22.1,17,14,3.39
1.014,38.6,20.1,19,15.5,2.5
1,40.6,22.5,19,15,3.6
0.927,38.1,20.5,19,16,3.28
0.892,38.7,21.3,21,15,3.7
0.961,34.9,20.1,21,17,3.95
1.094,39.1,20.3,17,14,2.72
1.043,39.9,20.3,19,17,3.13
1.076,39.6,21.6,16,13.5,2.78
1.005,38.6,21.3,16,12,3
0.861,38.9,21.4,21,14,4.07
1.048,38.7,20.8,16,12,3.37
0.852,35.1,21,24,23,6.3
0.911,35.1,19.6,19,14,5.05
0.871,32.2,20.1,29,26,5.67
0.977,41.1,22.1,19,17,3.28
0.836,30.8,18.5,14,25,5.3
0.826,31.8,17.9,20,25,4.25
0.821,37.8,22,29,21,5.36
0.877,31,19.7,17,26,4.21
0.777,36.7,21.4,29,17.5,5.48
0.957,42.4,22.1,17,11.5,2.83
0.836,41.6,22.5,29,15.5,4.07
0.921,39.3,20.8,20,14,4.16
0.99,39.1,21.1,17,15.5,3.23
1.076,39.4,21.1,17,13.5,3.31
1.095,41.1,21.6,17,10,2.69
0.983,40.9,22.1,16,14,2.79
1.072,39.8,20.7,14,14,2.62
0.887,34.8,21.1,14,25.5,6.91
0.911,35.5,20.7,19,12.5,4.49
0.76,31.7,18.8,17,23.5,6.38
1.072,39.2,21.8,16,10.5,2.53
1.02,41.3,22.9,16,10,3.13
0.905,37.5,20.2,26,15,3.87
0.832,35.9,21.5,24,19.5,4.28
0.98,43.4,23.4,17,11.5,3.01
0.993,42.1,20.8,17,12,3.77
0.996,44.7,22.9,17,11.5,3.26
0.856,33.3,20.9,19,24,5.12
1.028,41.9,23.5,16,10.5,3.04
1.046,39.9,20.4,16,12.5,2.6
1.034,38.4,21,16,12,2.77
0.969,44.4,21,19,14,3.48
0.986,38.4,22.3,19,17.5,3.21
0.895,36.8,22.4,23,20.5,4.49
0.958,30.4,18.2,14,24,6.54
0.918,32.9,19.9,14,21,5.69
0.916,32.7,20.3,14,22.5,5.04
0.866,39.2,21,29,15.5,4.13
1.054,40.4,20.8,21,17,3
1.066,38.9,22.1,16,16,3.56
0.943,32.6,18.3,19,20.5,5.28
0.997,36.3,20.7,14,14,3.22
1.111,34.3,18.2,16,15.5,3.03
1.104,37.6,20.1,14,13.5,2.76
0.949,32.9,18.7,17,17,3.67
0.97,35.1,18.9,17,17,3.38
1.046,36.8,21.7,19,16,3.22
0.904,35.9,21.5,21,21,3.67
1.051,37.7,20.9,20,19,3.45
0.953,34.4,19.2,20,17.5,3.39
0.899,35.3,19.1,24,17,3.93
0.99,33.7,19.8,14,24,5.45
0.904,32.2,19.8,14,24,4.7
0.93,37.1,20.5,26,17,4.03
0.921,33.8,20.1,13,25.5,4.23
0.973,34.2,19.3,21,19.5,4.66
0.94,34.4,19.5,21,19,4.84
0.996,33.1,20,14,25,5.42
0.847,36.9,20.2,27,15.5,3.96
0.985,35.8,19.1,21,19,4.34
0.857,31.3,19,14,25,5.71
0.962,39.7,20.9,21,13.5,5.02
0.868,33.5,19.9,14,25,5.19
0.839,30.6,17.9,14,24,6.01
1.016,39.4,20.9,21,15.5,4.72
0.832,31.3,18.1,14,25.5,5.23
0.828,32.4,19.2,14,24,5.45
0.867,32.1,19.3,14,25,6.23
0.928,36.9,20.2,21,18.5,3.83
0.965,40.6,21,21,15.5,4.15
0.95,39.3,20.8,23,14,4.08
0.949,32,19.8,14,26,5.15
0.928,38.6,20.9,26,15,4.79
0.946,34.3,19.8,14,17.5,3.79
0.95,35.6,21.1,14,15.5,3.25
1.099,37.9,22.9,13,15,2.74
0.942,34.6,20.3,14,15,3.46
1.111,37.4,20.2,13,12.5,2.52
0.955,34,19.6,14,14,3.72
0.936,33.4,19,16,19.5,4.05
0.977,34.7,19.5,14,14,3.47
0.989,35.1,19.9,14,15.5,3.27
1.149,41.7,22.8,16,12,2.57
0.977,38.3,22.5,16,17,3.2
0.946,35.3,19.7,16,18.5,3.57
0.917,33.4,19.2,16,17,4.35
0.971,38.7,22.4,17,15.5,3.35
1.028,38.8,22.4,16,15.5,3.85
0.946,38.5,22.2,14,15,3.56
0.933,35.3,20.1,16,19.5,4.01
0.967,37.9,21.7,14,15,3.49
0.937,35.6,20.6,16,16,3.72
0.948,38.6,22.5,17,15.5,3.41
0.933,35.2,19.6,14,16,4.21
0.942,37.5,21.3,14,14,3.36
1.06,38.6,21.5,17,14,3.02
1.073,42.3,23.3,17,13.5,2.91
0.958,37.7,21.4,16,15.5,4.11
0.939,33.6,19.4,17,16,3.87
0.946,34.2,19.4,17,19.5,4.1
1.214,42.4,23.3,16,12.5,2.74
1.063,41.9,22.5,17,12.5,3.07
1.149,38.5,22.4,13,17.5,4.1
1.114,34.5,19.9,13,19,4.53
1.199,35.9,19.1,13,16,3.19
1.196,38.3,23,13,17,2.68
1.004,40.4,22.7,17,13.5,4.26
1.112,30.7,18.6,10,25.5,3.8
1.091,37.2,21.6,13,17.5,4.31
1.21,34.3,20,13,19,2.7
1.129,34.6,20.4,13,17.5,4.22
1.12,33.8,21.6,10,24,4.59
1.108,31.8,19.2,10,22.5,2.7
1.09,33.5,20.9,10,20.5,4.33
1.184,34.9,20.7,13,15,2.75
1.187,34.1,22.4,10,21.5,3.2
1.162,35.1,22.4,10,23,4.42
1.144,32,20.9,10,25.5,4.49
1.041,36.7,22.7,14,17.5,4.02
1.124,33.6,20.6,10,24,4.65
1.092,34.4,19.9,13,19,3.67
1.215,39.2,22.1,16,11.5,3.2
1.085,33.9,20.9,10,24,4.37
1.12,33.8,21.6,10,24,4.59
1.187,34,21.7,10,23.5,3.73
1.159,33.5,20.4,10,25,4.68
1.103,34.9,21.6,11,22.5,4
1.141,33.3,20.8,10,23.5,4.24
1.063,32.3,18.3,10,23,4.13
1.076,34.2,19,13,19,3.72
1.029,34.9,21.6,10,23.5,4.31
1.103,34.5,21.9,10,24,4.04
1.134,34.8,21.8,10,24,3.47
1.112,34.7,21.8,11,22.5,3.97
1.099,33.8,21.1,10,23.5,3.6
1.065,32.6,21.2,10,24,5.03
1.091,37.2,21.6,13,17.5,4.31
1.11,34.9,23.8,10,22.5,4.52
1.081,35.6,22.6,10,23,4.35
1.288,35.7,20.7,13,15.5,2.58
1.21,34.3,20,13,19,2.7
1.129,34.6,20.4,13,17.5,4.22
1.121,32.1,18.8,10,23,4.33
1.102,33.7,21.6,10,25.5,4.44
1.156,33.3,20.1,10,24,4.58
1.224,37.6,21.4,13,15.5,3.92
1.114,35,20.7,13,19,3.9
1.127,34.5,21.3,10,22.5,4.21
1.253,37.4,20.5,13,17.5,3.1
1.193,38.8,22.6,13,17,3.36
1.176,35.2,23,10,23.5,4.93
1.119,37,22.6,13,17.5,2.79
1.179,34.9,20.6,13,17.5,3.44
1.189,36.8,22.3,13,17.5,3.94
1.108,35.1,22.4,10,22.5,4.69
1.098,38.2,22.3,13,19.5,3.58
1.102,37.2,21.6,13,17,2.45
1.095,31.8,17.7,13,17,2.93
1.411,43,22.2,14,13.5,2.05
1.406,40.6,21.9,13,10,1.91
1.259,38.3,22,13,15.5,2.47
1.101,37.3,20.4,13,15.5,3.67
1.095,35.1,20.9,13,19.5,3.79
1.178,39.2,20.3,16,12,3
1.058,35.6,20.6,13,16,2.77
1.012,36.7,20.6,13,15,3.27
0.954,35.5,19.6,14,15.5,3.19
1.144,33.6,21,10,24,3.57
1.198,36,20.8,13,21,4.36
1.132,35.8,19.6,13,19.5,3.74
1.115,32.3,19.3,10,24,4.3
1.095,31.6,18.3,10,25,4.18
1.152,33,19.7,10,25,4.21
1.15,33.4,19.7,10,24,4.61
1.11,32.6,20.4,10,23.5,4.28
1.117,33.7,18.8,13,21,3.68
1.135,33.3,19,13,19,3.43
1.147,35,19.5,13,21.5,4.72
1.134,34.1,19.9,13,21,3.83
1.167,33.3,21.2,10,25,3.39
1.28,37.6,22.9,13,18.5,2.49
1.139,36.4,19.8,13,19,3.47
1.029,34,19.7,13,18.5,4.14
0.983,35.1,19.6,13,17.5,3.36
1.08,38.8,21.7,13,12.5,2.93
1.019,35.9,19.7,13,15.5,2.85
1.073,32.6,18.9,10,21.5,3.83
1.072,37.7,20.1,16,12,2.92
1.004,35,19.4,14,15,3.4
1.049,35.1,19.5,13,15,2.88
0.96,34.8,20.7,14,14,3.65
0.98,33.7,19,14,14,4
1.066,36.2,19.6,13,14,2.47
0.99,34.2,18.9,14,15,3
1.042,35.2,20.6,13,17,3.46
0.936,32.7,18.2,17,17.5,4.12
1.001,36.2,20.7,14,14,3.63
0.924,34.8,19.1,14,17.5,3.32
0.974,34.8,18.8,14,19,3.89
0.94,33.4,20.6,13,23.5,3.71
0.983,35.1,19.6,13,17.5,3.36
1.08,38.8,21.7,13,12.5,2.93
1.019,35.9,19.7,13,15.5,2.85
1.073,32.6,18.9,10,21.5,3.83
1.072,37.7,20.1,16,12,2.92
1.004,35,19.4,14,15,3.4
1.049,35.1,19.5,13,15,2.88
0.96,34.8,20.7,14,14,3.65
0.98,33.7,19,14,14,4
1.066,36.2,19.6,13,14,2.47
0.99,34.2,18.9,14,15,3
1.042,35.2,20.6,13,17,3.46
0.936,32.7,18.2,17,17.5,4.12
1.001,36.2,20.7,14,14,3.63
1.178,37.7,21.2,13,14,2.68
1.042,38.8,21.5,15,13.5,2.83
1,37.6,20,15,12,3.32
0.892,33.2,19.1,17,16,4.09
1.048,41.1,21.5,15,11,3.01
1.077,38.3,21,16,12,2.34
1.002,34.8,19.6,14,15.5,3.32
1.081,38.5,20.6,15,10.5,2.73
1.045,37.9,20.7,16,13.5,3.07
1.189,41.3,20.9,16,12,2.84
1.051,36.1,20.5,13,16,3.07
1.048,38.1,20.7,16,13.5,3.26
1.052,33.5,19.5,10,25.5,4.75
1.096,32.3,19.1,10,25,4.65
0.977,37.7,20.5,16,12.5,3.08
0.971,35,20.9,14,15,4.15
1.083,40.5,22.7,16,13.5,2.75
1.075,34.9,19.7,12,15,3.17
1.162,38.6,20.8,14,10,2.39
1.101,35.7,21.5,10,22.5,3.29
1.187,37.2,21.5,13,17.5,3.46
1.108,32.8,20.3,10,23,4.09
1.078,35,20.6,14,17.5,2.66
1.092,33.9,20.7,11,20.5,4.41
1.068,31.3,17.9,9,24,4.1
1.051,32.9,20.6,10,23.5,4.72
1.057,31.6,19.6,10,25,4.03
1.003,33.6,21.1,10,25,4.65
1.103,35.5,20.9,13,21.5,3.43
1.133,34,21.4,10,23.5,4.47
1.074,34.5,22.1,11,24,5.12
1.038,34.3,21,11,25,5.3
1.199,36.3,20.6,13,19,3.97
1.19,41,21.8,17,12,2.97
1.205,36.2,19.6,13,17.5,3.03
1.08,36.5,20,13,20.5,4.32
1.169,36.7,21.6,13,19.5,3.12
1.196,38,21.2,14,20.5,2.86
1.101,33.9,19.4,13,20,3.39
1.006,34.9,21.9,10,24,5.27
1.105,33.9,19.1,13,19,3.17
1.084,34.1,20.6,10,23,4.94
1.145,32.7,19,10,23,4.28
1.073,32.5,19.5,10,23.5,4.26
1.332,41.5,22,13,10,2.38
1.046,30.2,18.1,10,24,3.62
1.243,35.4,19.7,13,16,2.79
1.176,36.2,21.1,13,15,3.24
1.248,39.5,22.8,13,15,2.69
0.985,30.3,17.2,11,19.5,3.55
1.119,34.9,20.3,13,17.5,2.43
1.104,36,21.3,13,21,2.73
1.041,32.1,18.8,11,23.5,4.05
1.126,34.5,20.4,13,21,2.24
1.104,34.9,20,13,13.5,2.56
1.223,35.5,21.1,13,13.5,2.14
1.046,30.2,18.1,10,24,3.62
1.091,34.9,20.6,13,15.5,2.7
1.086,33.8,19.2,13,15,3.15
1.064,35,19.9,13,14,2.76
1.046,30.2,18.1,10,24,3.62
1.243,35.4,19.7,13,16,2.79
1.13,33.4,19.5,10,22,4.32
1.179,32.8,19.8,10,22.5,2.6
1.128,30.8,19.9,10,24,3.48
1.179,34,19.2,13,19.5,3
1.038,30.7,17.9,10,25.5,4.53
1.101,35.9,20.2,13,14.5,2.72
1.251,34.4,18.9,13,16,2.66
1.212,33.7,19.6,10,22,2.23
1.204,34.5,19.5,13,16,2.49
1.181,30.4,18,10,24.5,2.55
1.325,34.1,19.1,13,15,2.24
1.084,30.2,17.5,10,23.5,3.42
1.115,37.9,22.6,13,18.5,2.86
1.243,35.4,19.7,13,16,2.79
1.086,34.2,19.9,13,15.5,3.05
1.033,36.1,20.3,14,15.5,3.38
1.083,34.5,19,13,19,3.25
0.929,36.6,20.4,16,15.5,3.92
0.923,34.4,19,16,15.5,4.03
1.084,36.5,20.2,13,15.5,3.5
0.998,35.5,20.6,14,15.5,3.77
0.966,38.8,21.2,14,11.5,3.26
0.992,38.7,21.5,14,10.5,3.59
0.977,38.3,20.3,14,11.5,3.52
1.112,36.4,20.9,13,17,3.57
1.395,44,23.9,14,14,1.8
1.192,34.2,19.4,13,17,3.69
1.388,42.3,22.6,14,12,2.11
1.218,37.6,22.5,13,16,2.57
0.92,34,19,16,15,4.26
1.066,41.3,22.7,16,12,2.7
1.066,38.4,21,16,14,2.7
1.048,38.5,20,16,12.5,3.25
1.071,38.9,20.2,16,12.5,3.08
0.946,35.1,19.6,14,17.5,3.35
0.997,36.7,21.8,14,17,3.17
1.299,42.7,22.5,16,13.5,2.43
1.337,45.4,23.5,14,12.5,1.91
0.943,36.1,20.9,16,18.5,4.05
1.014,35.3,20.9,16,17.5,3.37
0.911,36,19.9,14,16,4.11
1.106,38.9,21.4,17,15,3.07
1.105,30.1,18,17,25,4.37
1.004,35.6,19,17,16,3.75
0.915,35.5,20.1,16,17.5,4.71
1.021,38.8,22.1,17,18.5,4.12
0.973,37.6,21,14,19,3.63
1.195,42.6,23.3,17,13.5,2.65
0.923,36.1,19.5,14,17.5,3.29
0.992,38,21.3,14,16,3.7
1.261,42.8,24,16,12.5,2.27
1.094,40,20.4,16,15,3.14
0.891,30.6,17.8,14,24,4.34
1.027,36.5,20.4,16,16,3.37
0.974,38.8,21.8,17,16,3.38
1.09,32.4,19.9,10,24,5.1
1.047,36.7,21.1,13,17.5,4.57
1.213,38.1,21.1,13,17.5,4.02
0.97,31.5,20.7,14,23.5,4.64
1.101,36,20.8,13,19,4.46
1.245,38.6,22.7,13,16,2.27
0.927,36.3,21.7,14,17,5.01
1.242,36.8,21.1,13,16,2.27
1.245,35.2,20.9,13,17.5,2.11
1.022,33.7,20.4,10,23.5,4.17
1.186,36.1,21.4,13,17,3.64
1.122,35.8,20.7,13,20.5,4.25
1.108,32.5,18.8,10,25,4.36
1.181,36.2,20.8,13,18.5,3.75
1.207,37.5,21.7,13,17,2.92
1.209,35.7,20.5,13,15.5,2.77
1.195,37.7,21.5,13,12.5,2.82
1.227,34,19.7,13,14,3.01
1.198,38.9,21.9,13,15,2.71
1.244,36.5,21,13,15,2.28
1.218,36.5,20.1,13,16,2.13
1.227,38.4,22,13,15.5,2.65
1.178,34,19.6,13,15,3.77
1.199,35.2,19.6,13,19,3.13
1.142,35.6,20.5,13,17,3.68
0.955,34.4,19,14,17,3.11
1.059,35.8,19.4,14,14,3.11
1.098,34.1,19.9,14,16,3.18
1.206,34.7,19.8,13,14,2.45
1.18,38.9,21.7,16,13.5,3.01
1.22,37.4,21.3,13,14,2.46
1.273,38,21.4,13,12.5,2.47
1.315,39.6,22.1,14,12.5,1.62
1.152,33.5,20.6,10,24,3.58
1.161,33.3,20.6,10,23,3.61
1.17,34.9,21.4,10,25,3.93
1.179,32.2,19,10,24,3.24
1.156,31.9,18.9,10,23,3.73
1.293,35.5,21.4,13,15.5,3.33
1.013,29.7,18.2,10,23.5,4.24
1.253,36.1,21.2,13,12.5,2.48
1.162,36.2,21.9,13,18.5,2.08
1.098,38.2,22.3,13,19.5,3.58
1.102,37.2,21.6,13,17,2.45
1.095,31.8,17.7,13,17,2.93
1.411,43,22.2,14,13.5,2.05
1.406,40.6,21.9,13,10,1.91
1.259,38.3,22,13,15.5,2.47
1.101,37.3,20.4,13,15.5,3.67
1.095,35.1,20.9,13,19.5,3.79
1.178,39.2,20.3,16,12,3
1.058,35.6,20.6,13,16,2.77
1.012,36.7,20.6,13,15,3.27
0.954,35.5,19.6,14,15.5,3.19
1.144,33.6,21,10,24,3.57
1.198,36,20.8,13,21,4.36
1.132,35.8,19.6,13,19.5,3.74
1.115,32.3,19.3,10,24,4.3
1.095,31.6,18.3,10,25,4.18
1.152,33,19.7,10,25,4.21
1.15,33.4,19.7,10,24,4.61
1.11,32.6,20.4,10,23.5,4.28
1.117,33.7,18.8,13,21,3.68
1.135,33.3,19,13,19,3.43
1.147,35,19.5,13,21.5,4.72
1.134,34.1,19.9,13,21,3.83
1.167,33.3,21.2,10,25,3.39
1.28,37.6,22.9,13,18.5,2.49
1.139,36.4,19.8,13,19,3.47
1.029,34,19.7,13,18.5,4.14
0.974,37.3,19.9,14,12.5,3.04
1.107,36.9,19.5,14,12.5,2.69
1.405,40.7,21.3,13,10,1.79
1.405,42.2,22.1,14,11.5,1.96
0.934,34.9,20.1,14,15,3.14
1.152,37.8,20.1,14,10.5,2.33
0.892,37.4,19.8,14,17,3.55
0.965,38.1,20.9,14,12.5,3.69
1.177,37.1,20,14,11.5,3.04
1.151,38.4,21.1,14,12,2.75
1.201,38.6,19.4,14,11.5,2.15
0.889,39.6,21.2,17,14,3.64
0.982,37.8,20.4,16,10.5,3.51
0.952,37,19.6,16,11.5,3.51
1.091,37.4,19.9,13,10,2.43
1.082,35.8,19.3,13,17,3.59
1.099,35.5,19.7,13,17,3.05
1.017,34.5,19.7,13,20.5,3.39
1.066,36.4,20.8,13,15.5,2.77
1.099,39.5,21.2,16,12.5,2.93
1.134,39.8,21.5,16,12.5,2.94
1.08,35.8,20.3,13,18.5,3.42
1.125,38.1,21.2,13,18.5,2.51
1.076,34.5,20.1,13,17,3.23
1.077,33.4,19.2,13,15.5,2.93
1.052,33.4,19.1,13,17,2.71
1.083,34.6,19.1,13,15.5,2.89
1.092,38.5,20.6,14,10,2.8
1.14,40.1,21.7,16,12.5,2.76
1.012,35,20.8,13,15,3.34
0.888,32.9,18.8,17,17,4.53
0.974,34.9,19.2,16,15,3.39
1.094,38,20.5,16,12.5,3.27
1.215,39.8,21,16,12.5,2.44
1.056,41.2,22.5,16,13.5,2.96
1.059,41.8,22.4,17,15.5,2.91
0.93,35.5,19,16,15.5,3.76
1.031,37.9,21.7,14,14,3.48
1.031,39,21.9,16,13.5,2.52
0.91,35.2,20.9,14,15,3.6
1.019,40.9,22.6,16,14,3.61
1.27,40,22.4,16,11.5,2.51
1.047,35.2,20.1,14,14,3.89
1.03,36.1,20,14,15,3.08
1.024,37,20.6,16,12.5,3.22
1.107,44.5,22.5,16,12,3.02
0.884,34.2,19.4,16,14,3.46
1.009,36,20.4,14,15.5,2.8
0.944,38.7,22.4,14,15.5,3.8
1.064,42.7,23.1,17,14,3.53
1.15,43.5,23,17,12,3.18
1.06,39.3,22,16,12.5,2.63
0.899,35.1,20.3,17,17,3.82
0.894,34.5,20.1,17,17.5,4.33
0.956,36,19.5,16,15.5,4.09
0.928,37,21.8,14,14,2.87
0.942,35.5,19.4,16,14,3.25
0.964,39.9,22.7,16,12,2.84
0.952,40.2,21,14,15,2.56
0.842,35,19.5,17,15,3.74
1.1,42,23.9,16,12,2.79
0.893,32.2,19.4,13,23,4.75
0.955,37.5,21.2,14,14,3.64
1.102,40.2,22.7,17,13.5,3.16
0.976,35.7,19.6,14,15,3.04
0.921,37.4,21.1,17,14,3.57
0.91,34.4,19.2,17,17,3.6
0.962,38.9,21.7,14,13.5,2.67
1.149,37.3,21.1,14,12.5,2.48
0.935,33.7,20.9,11,23,4.84
0.894,38.4,21.6,16,15,3.7
0.946,37,20.5,16,15,3.51
1.143,41.6,21.1,16,12,3.56
0.939,37,21.8,16,14,3.35
0.904,34.7,20,17,14,3.73
0.995,35.3,21.1,17,16,3.68
1.1,38.4,20,16,13.5,2.85
0.945,36.8,19.8,14,14,3.25
1.139,44.1,23.3,17,12.5,3.53
1.033,40.7,20.9,17,12,3.51
1.119,40.4,22.2,17,12.5,2.26
0.949,39.4,20.9,14,13.5,3.13
0.834,34.5,19,17,17.5,3.36
1.022,36.5,20.2,14,15,2.88
0.998,37,21.4,17,14,2.9
0.865,34.7,19,17,17.5,4.59
0.994,40.5,21.7,17,12,3
1.132,42.9,23,17,10.5,2.61
1.057,36.2,20.3,14,15,2.81
0.98,37.9,21.7,17,15.5,2.72
1.163,39.3,21.2,14,12.5,2.49
0.961,35.1,19.5,14,14,3.18
1.034,37.7,21.5,16,12.5,2.48
1.184,38.8,22.3,14,19.5,3.11
0.934,34.6,19.3,17,14,3.66
1.094,33.9,19.5,13,18.5,3.46
0.946,31.3,18.5,13,25.5,4.31
1.022,34.2,19.3,13,20.5,3.51
1.056,33.7,18.9,13,20.5,3.18
0.912,34.3,19.8,16,19.5,3.91
1.005,32.5,19.5,10,22.5,4.58
1.147,37.6,22.6,13,12.5,2.32
1.152,39.5,21,17,15,2.76
0.911,34.6,19.4,16,16,3.61
0.91,33.6,19.3,16,18.5,4.58
1.056,34.4,19.6,13,17.5,3.52
1.2,38.4,20.9,16,12.5,2.32
0.96,39.5,21.3,14,14,3.53
0.959,31.8,19.3,14,15.5,3.71
0.925,39.5,21,14,13.5,3.16
0.946,36.8,20.6,14,15.5,4.06
0.932,38.5,20.7,14,15,2.46
1.215,34.7,20.6,14,12.5,3.2
1.064,38.5,20.9,14,14,2.92
0.939,34.5,19.9,17,19.5,3.8
0.973,37.3,20.1,16,16,2.88
0.952,37.3,20.1,14,12.5,2.77
0.872,34.2,20.1,17,17.5,4.23
0.976,37.1,20.7,14,16,3.14
1.007,41.4,22.4,14,14,3.74
1.093,40.3,20.8,14,11.5,2.32
0.911,34,19.8,14,16,4.62
0.982,34.8,20.1,14,13.5,2.78
1.01,37,19.9,14,15,3.44
0.865,38.2,20.9,17,16,3.92
1.049,35,19,14,12.5,3.26
1.316,40.8,21.7,14,11.5,2.15
1.166,40.5,22.4,16,11.5,2.62
1.04,40.5,21.9,14,12.5,2.74
1.157,39.8,20.6,14,12.5,2.46
1.063,39.2,21.7,16,10,3.11
0.983,34.5,19,14,16,3.1
0.964,35.3,20.7,14,17,3.61
0.947,37.9,20.4,14,12.5,3.57
1.047,37.5,20.4,14,12.5,3.06
0.884,31.8,19.8,16,19.5,3.71
0.999,34,19.6,14,12.5,3.66
1.194,40.5,22.8,16,10,2.41
1.344,40.9,22.1,14,12,1.91
0.949,33.9,19.1,14,14,4.08
1.06,41.5,23.1,14,12.5,2.94
1.183,42.2,21.5,16,10.5,2.58
1.219,41.2,20.9,14,10.5,2.3
1.125,38.4,21.5,14,14,2.36
1.114,37.7,20.5,14,12.5,2.5
1.144,37.6,20.3,14,14,3.49
1.163,40.8,19.5,14,12.5,2.75
1.041,37.6,20.3,14,12.5,2.63
1.118,40.8,20.1,14,12.5,3.01
1.113,40,22.9,14,12.5,2.81
1.069,37.8,20.3,14,13.5,3.69
1.212,37.6,20.3,14,11.5,2.62
1.097,38,20.8,14,11.5,3.47
0.918,35.7,20.6,14,17.5,3.83
1.18,37.8,20.3,14,12.5,2.48
1.001,34.5,19.1,14,15.5,3.59
1.081,39.6,22.4,16,11.5,3.03
0.979,34.6,19.9,14,12.5,3.3
1.137,37.9,20.7,14,10.5,2.15
1.091,37.6,20.4,14,13.5,3.26
1.256,39.1,21.1,14,12,2.25
1.029,37.7,20.5,14,11.5,3.38
1.212,37.9,20.5,14,10.5,2.04
1.226,40,22.1,14,11.5,2.15
1.396,40.7,23.4,14,12.5,1.61
0.939,33.7,19.2,14,14,4.6
1.055,40.5,20.1,14,15,3.99
1.077,38.7,20.9,14,13.5,2.98
1.092,37.5,20.2,14,12.5,2.92
1.073,39.1,20,14,15,3.34
1.066,37.9,20.7,14,13.5,3.36
1.214,38,20.6,14,13.5,3.07
1.288,38.4,20.4,14,10.5,1.91
1.232,37.7,20.1,16,10.5,2.22
1.181,37.1,20.1,14,14,3.27
1.113,36.3,19.2,16,11.5,2.44
1.124,37.2,20.1,16,12,2.6
1.296,40.9,20.9,13,10,2.23
1.069,38.3,20.9,14,13.5,3.14
1.075,37.8,20.7,14,16,2.91
1.18,38.1,20.6,14,13.5,3.01
1.041,37.3,20.1,14,13.5,3.33
1.005,38.1,21.1,14,14,2.93
1.327,42.3,22.2,13,10,2.14
0.991,33.3,19.1,14,14,3.19
0.931,37.4,20.1,14,14,2.62
1.106,38.1,20.8,14,13.5,2.54
0.921,35,18.8,16,17.5,4.05
1.157,38.1,20.3,16,12,3.06
1.152,37.6,20.1,14,12.5,3.39
0.998,39.1,20.4,14,12.5,3.48
0.963,34.6,19.3,14,15.5,2.5
1.261,37.3,20.2,14,11.5,2.03
1.391,40.8,21.7,14,10,2.05
1.048,42.9,23,14,16,2.92
1.135,37.8,20.3,16,10.5,2.53
1.041,36.9,20,14,15,3.86
1.049,37.2,20.2,14,17,3.7
1.146,37.7,20.5,13,16,2.88
1.085,37,19.5,14,15,3.47
1.13,37.9,20.2,13,15,2.45
0.985,33.1,19.1,14,17,3.57
1.152,39.2,20.4,14,10.5,2.66
0.997,33.9,18.4,17,15,3.78
1.253,35.3,20.3,14,11.5,2.16
1.054,39.1,20.6,14,12,3.24
0.996,37.9,20.5,14,13.5,2.01
0.986,33.7,19,14,17.5,3.27
1.098,37.5,21.8,14,12.5,3.23
1.131,38.3,19.7,14,12,2.48
1.083,34.9,19.2,14,15.5,2.83
1.202,42.5,21.5,14,11.5,2.45
1.068,37.6,19.8,14,11.5,2.78
1.117,39.5,21.9,16,10,2.71
1.111,39.3,21.5,14,12,2.52
0.959,34.1,18.4,14,13.5,2.84
1.057,37.9,21.4,14,15,2.67
1.043,37.3,20.2,14,12.5,2.66
1.03,37.8,20,14,14,2.95
1.25,44.1,22.1,16,10,2.22
0.991,33.2,18.4,14,13.5,3.67
0.934,34.4,19.3,14,14,2.81
1.166,37.9,20.3,14,10,2.28
1.225,39.7,22.2,13,10.5,2.11
1.306,41.3,21.8,13,10,2.15
1.326,42.2,23.5,13,10,1.86
0.941,37,19.7,14,12.5,2.69
1.1,39.3,21.8,14,12.5,2.82
0.995,38.9,21.1,14,12.5,3.08
1.125,42,23.2,14,12.5,2.5
1.107,40.6,22.6,14,13.5,2.57
1.067,39.6,22.5,14,12.5,2.52
1.106,40.9,21.8,14,11.5,2.96
1.278,42.9,23.5,14,11.5,2.32
1.229,43.2,24.2,14,10,2.18
1.375,44,23.4,13,10,1.85
1.063,40.3,22.3,14,10,2.5
0.905,35.4,20.3,14,15.5,3.69
1.039,42.5,23.3,14,12,3.23
1.288,44.1,22.9,14,10,2.13
1.216,43.4,22.9,13,10,2.13
1.026,37.8,20.7,14,12.5,3.46
1.104,37.4,20.2,14,12.5,3.01
1.119,39.8,22.6,14,17.5,3.1
1.369,42.3,22.1,14,10.5,1.81
0.988,37.7,20.5,14,12.5,3.37
1.076,38.5,20,14,12.5,3.09
1.064,38.5,21,14,15,3.47
1.12,39.3,21.6,14,12.5,3.19
1.187,41.9,22.6,14,12.5,1.86
1.015,41.2,20.9,14,15,3.3
1.031,38.9,21.4,14,12.5,3.49
1.039,34.6,19.7,14,19.5,2.83
1.008,34.4,19.6,14,17.5,2.98
1.096,38.6,20.9,14,13.5,2.98
1.057,38,20.1,14,15,3.45
1.335,42.3,24.3,14,11.5,2.61
1.1,39.3,20.9,16,15,2.86
1.079,38.9,21.1,14,14,2.83
1.145,38.8,21,14,14,3.33
0.997,35.8,20.4,14,17.5,3.75
1.016,34.3,19.6,14,17.5,3.34
1.006,38.4,20.9,14,14,2.85
1.055,38.2,19.7,14,15,3.8
1.066,40,20.6,14,16,3.22
1.275,41.2,23.3,14,12,2.32
1.401,44.8,24.3,14,10.5,2.07
1.309,40.7,21.1,14,12,2.19
1.342,40.9,21,14,11.5,2.01
1.04,40.5,21.9,14,12.5,2.74
1.051,38.9,21.1,16,15.5,2.72
1.059,37.5,20.2,14,12.5,2.85
1.063,39.6,21.3,14,14,3.24
0.994,35.4,20.5,14,14,2.73
1.075,39.4,20.8,14,13.5,3.03
0.927,32.6,20.5,14,20.5,3.36
1.183,40.5,20.1,14,14,2.59
0.945,34,19,14,16,3.94
0.964,34.1,19.9,16,16,3.08
1.013,37.9,21.4,14,18.5,3.92
0.999,31.9,19.8,10,21.5,4.03
1.059,37.5,21.5,14,14,3.74
1.272,45,23.4,14,12.5,2.5
0.937,33,19.4,10,23,3.77
0.998,30.2,17.8,10,21,3.54
1.021,36,20.1,14,15.5,3.35
0.91,31.4,17.5,11,20.5,3.84
1.175,39.5,20.1,14,12.5,2.34
0.974,32.7,18.4,14,17,4.04
0.945,33.6,20.2,14,19,4.11
1.087,34.3,20.3,10,23,2.5
1.184,31.9,18.4,10,23,3.42
1.146,36.2,20.1,14,17.5,2.61
1.01,32.2,20.1,10,23.5,4.14
1.08,33.5,19.4,14,15.5,3.32
1.031,32.7,19,10,25,4.09
0.904,31.4,18.1,11,22.5,4.41
0.997,35.9,19.9,14,16,3.84
0.821,30.5,17.4,14,23,4.03
0.924,39.2,20.8,16,17.5,3.02
1.089,37.6,19.5,14,13.5,2.8
1.084,37.6,20,16,16,2.85
1.203,40.4,22.6,14,12,2.62
1.069,37.9,20.1,14,16,3.3
0.978,33.9,19.3,14,16,3.85
1.098,38.1,20.8,14,14,3.19
1.042,37.7,20.1,14,13.5,3.02
1.124,38.8,20.8,16,10,2.27
1.057,37.7,19.9,14,11.5,3.1
1.085,35.8,19.4,14,13.5,4.54
0.983,35.6,20.4,16,16,3.32
1.003,36.1,20.2,14,15,3.57
1.064,38,20.8,14,13.5,3.4
1.228,39,21.9,14,12.5,2.31
0.936,34.1,19.8,14,15,4.05
1.088,38.1,20.4,14,12.5,3.14
1.203,38.1,20.5,14,12.5,2.75
0.949,33.9,19.1,14,14,3.71
1.06,41.5,23.1,14,12.5,2.86
1.051,38.8,21.1,14,13.5,2.9
1.058,39.1,20.7,14,12.5,2.89
1.198,40.4,22.1,14,15,2.57
1.271,42,23.2,14,12.5,2.7
1.081,38.1,20.3,14,14,2.7
1.164,38.3,20.5,14,13.5,2.2
1.105,37.3,20.2,14,14,4.05
1.045,35.8,21,14,15,3.39
1.103,39.2,22,14,13.5,3.01
1.072,39,20.6,14,13.5,2.66
1.209,40.4,22.5,14,12.5,2.78
1.261,45.4,24.1,14,13.5,2.7
1.243,40.3,22.6,14,13.5,3.24
1.274,43,23.4,14,12.5,2.54
0.934,36.7,21.5,17,16,3.85
0.947,33.6,19.2,14,17.5,3.62
0.968,37,20,14,13.5,3.66
1.035,34.7,20.3,14,16,3.32
1.023,35,19.7,14,17.5,4.2
0.997,36.2,21.3,14,16,4.04
1.3,43.1,23.5,14,12.5,2.52
1.27,44,23.8,14,12,2.25
1.27,40.3,22.7,14,12.5,2.17
1.161,40.5,23,14,12.5,2.7
0.933,35.7,20.9,14,19,2.64
1.027,35.9,20.4,14,17.5,3.41
0.987,34,19.4,14,15.5,2.48
1.009,34.4,19.4,14,14,4.01
1.197,37.8,20.2,14,10.5,2.37
1.347,40.5,22.7,16,11.5,2.7
1.065,33.3,19.2,14,18.5,3.44
1.322,34.4,20.3,14,17.5,1.92
1.292,35.2,20.8,14,19.5,2.29
1.133,33.9,20,10,21.5,3.98
1.097,37.8,20.6,14,15,2.97
1.056,33.5,19.8,10,21,4.58
1.102,34.4,20.4,10,22.5,3.44
0.963,37.3,19.7,14,13.5,3.67
1.195,43.1,23.5,14,11.5,2.54
1.026,33.1,18.8,13,15.5,3.85
1.022,40,22.4,16,11.5,3.15
1.103,38.9,21.8,14,15.5,3.08
1.281,43.9,24.2,14,12.5,2.38
1.074,37.8,20.6,16,11.5,3.13
1.087,38.6,21.2,14,14,3.14
1.238,42.9,21.9,14,12.5,2.47
0.995,30.1,17.8,10,21,3.97
0.992,33.5,19.3,14,17.5,4.1
0.957,31.2,18.7,10,21,4.8
1.172,40.4,22.6,14,14,2.56
1.035,36.6,19.6,14,13.5,2.76
0.991,33.9,19.4,14,17,3.95
1.093,39,21.6,16,10.5,2.76
0.945,33.6,18.9,14,15,3.71
1.091,37.7,20.2,14,12.5,2.57
1.081,37.9,20.7,14,11.5,3.25
1.116,38.1,20.5,16,17,2.11
1.135,40.9,21.3,16,11.5,2.28
1.079,38.6,21.4,13,11.5,3.68
1.05,37.1,19.8,16,10,3.41
0.946,31.6,18.1,10,24,4.83
1.209,42,22.9,14,12.5,2.92
0.976,34.2,19.3,14,15,3.78
1.013,41.5,22.6,16,13.5,3.26
0.978,38.3,21,16,12.5,3.61
1.109,41.2,23,14,11.5,3.11
1.086,37.5,19.6,14,14,3.14
1.034,41.6,23.5,14,13.5,3.09
1.09,39.2,20.5,14,14,3.22
1.013,38.4,21.3,14,12.5,3.25
1.112,42.2,22.8,14,12,2.91
0.833,35.3,20.7,14,14,4.39
1.025,40.9,23.3,14,15,3.82
0.967,38.9,20.4,16,12.5,4.13
1.057,35.4,20.8,14,17.5,4.58
1.254,38,23.9,14,14,2.52
0.953,40,21.4,14,13.5,4.03
1.033,30.6,18.4,10,23,4.11
1.071,36.8,20.2,14,15,3.12
1.029,36.8,21,14,13.5,3.44
1.082,34.9,19.8,14,13.5,3.42
1.118,37.5,19.7,16,10,2.72
1.115,38.9,20.8,14,14,2.81
1.126,37.7,19.9,16,10.5,2.63
0.914,33.6,19.3,14,18.5,3.99
1.139,38.2,21,14,12.5,2.55
0.967,35.7,21,14,14,3.21
1.099,37.3,19.4,14,12.5,3.41
1.027,32.7,18.5,14,14,3.57
1.097,34.8,19.1,14,13.5,2.88
1.015,38.4,21.1,14,12.5,3.34
1.018,30.7,18.3,10,21,3.21
1.059,33.3,19.1,14,15,3.15
1.013,34.8,19.4,13,13.5,3.25
1.192,40.9,22,16,10.5,2.57
1.029,34.2,19.3,14,15,3.39
1.243,37,20.4,14,13.5,2.56
1.019,35.2,21,13,14,3.46
1.088,36.6,21.3,13,15.5,3
1.163,36.2,20.9,14,14,2.23
1.18,40,22.3,14,12.5,2.65
0.982,34.1,19.9,14,13.5,3.32
1.069,37.6,20.6,14,13.5,2.92
0.991,33,18.8,14,14,2.91
1.27,40.1,21.3,14,10.5,2.27
1.312,39.9,21.1,14,12.5,1.98
1.246,43.2,20.9,14,11.5,2.75
1.114,32.2,18.9,10,21,2.42
1.368,40.6,20.2,13,11.5,2.05
0.964,33.4,19.1,14,15,2.87
1.065,35.4,20.4,14,15,2.42
1.004,34.5,19.6,13,16,3.09
1.06,34.5,19.3,13,15.5,3.58
1.056,35,20.7,13,17,3.11
1.307,43.1,21.2,13,10,2.39
1.033,36.2,22.1,14,13.5,2.99
0.954,34.3,19.6,14,14,3.48
1.19,32.1,19.3,14,10.5,3.71
1.077,35,20.9,14,11.5,3.17
1.148,37.9,20.3,14,12.5,2.25
1.289,40.2,21,14,10,2.52
1.099,41.9,23.6,14,14,3.05
0.942,36.4,21,14,15.5,4.78
1.13,43.5,23.1,14,13.5,2.94
1.236,44.5,23.5,14,12.5,2.7
1.232,41.2,22.7,14,11.5,2.69
1.316,45.5,23.9,14,12,2.63
1.237,42.4,23.2,14,12,2.2
1.332,44.5,23.3,14,11.5,2.05
0.904,36.5,20.9,14,17,3.51
1.131,43.7,24.1,14,14,2.98
1.294,41.7,21.3,13,10,2.63
1.139,40.9,22.7,14,11.5,2.78
1.091,42,23.9,14,14,2.92
1.403,44.7,23,16,10.5,2.06
1.128,38.2,20.6,14,12.5,2.62
1.134,38,20.7,16,13.5,2.74
1.063,39.8,21.3,17,12.5,2.86
1.214,38.3,20,16,12,2.33
1.264,40.5,21.9,16,11.5,2.18
1.027,37.5,19.7,17,12.5,2.75
1.043,37.7,20.3,17,11.5,2.84
0.933,36.1,19.7,17,15.5,3.31
0.955,34.8,19.4,16,17,3.99
1.045,36.4,21,16,16,2.69
0.974,37.2,21,16,17,3.16
1.203,34.8,20.1,13,16,2.37
1.206,36.7,21.2,13,17,2.48
1.406,42.9,22.6,14,10.5,1.91
1.201,36.5,20.3,11,21.5,2.68
1.21,36.7,21.3,13,19,2.4
0.95,35.6,19,17,15.5,3.24
1.353,45.1,22.1,14,12.5,2.23
1.35,40.9,21.9,14,12.5,2.16
1.253,37.9,22.7,13,17,2.31
1.206,38.4,21.5,13,15.5,2.51
1.314,42.7,23,14,12.5,2.5
1.17,37.8,22.5,13,15.5,2.6
1.092,37.6,21.1,13,17,2.37
1.025,35.2,20.1,14,15.5,3.05
0.95,39.9,20.3,16,15,4.25
0.977,34,19,17,18.5,3.14
0.882,34.3,20.1,17,17.5,3.48
0.872,34.5,19.6,14,16,3.58
0.971,31,18.6,13,25,3.94
0.936,31.9,18.5,13,22.5,3.84
0.904,29.7,17.7,14,23,4.73
1.062,32,18.4,13,25,5.09
1.215,38.9,21.6,14,10,2.33
0.936,32.3,17.4,13,15.5,3.28
0.918,29.8,17.5,10,25.5,3.89
0.956,33.4,17.9,14,19.5,4.22
1.229,34.1,18.5,13,18.5,2.76
1.216,34.1,19.4,13,20.5,2.29
1.234,38,20.6,14,11.5,1.98
1.203,38.2,20.7,14,11.5,2.17
0.952,37.6,21.3,16,16,3.24
1.021,35.3,20.7,14,17,2.96
1.078,41.1,21.9,16,13.5,2.86
0.946,38,21.6,14,16,3.08
0.971,33.9,19.2,16,18.5,3.47
1.103,38.6,20.9,16,13.5,2.77
1.051,37.2,21.7,14,15.5,2.81
1.187,39.3,22.6,13,15,2.43
1.055,39.1,21.6,16,11.5,2.83
1.007,39,21.7,16,15,3.43
1.189,38.9,21.4,14,11.5,2.91
1.159,39.5,21.7,16,12,2.81
1.166,40.9,21.5,16,12,2.47
1.143,37.9,21,13,14,2.98
0.908,34.9,19.6,16,15.5,3.59
1.093,39,21.8,16,10,3.42
1.111,39.1,21.6,16,11.5,2.72
1.238,40.2,20.7,16,10.5,2.4
0.981,34.4,19.2,16,15.5,2.7
1.122,38.5,21.1,16,11.5,2.24
1.046,36.1,21.3,13,15,2.67
0.977,35.3,20.4,16,15.5,2.63
1.081,35.1,20.8,13,14,3.38
1.03,38.5,21,14,11.5,3.71
1.151,41.1,22.6,17,12,3.38
1.155,34.9,19.4,13,16,2.7
1.221,36.8,20,13,14,2.66
1.079,37.8,21.8,13,14,3.13
1.316,39.7,21.5,14,11.5,2.59
0.978,35,19.5,16,11.5,3.8
1.045,36.2,20.2,13,16,3.46
1.114,38.7,21.3,16,11.5,2.7
1.196,36.6,19.7,13,17,3.12
1.046,34.5,19.3,13,15,3.23
0.969,33.2,19.1,17,19,3.89
1.339,42.6,23.1,13,10,2.27
1.059,34.4,20.2,13,18.5,3.27
1.01,35.8,21.1,13,17.5,3.48
1.065,35.6,20.4,13,14,3.01
0.966,34.9,20.6,17,16,3.67
1.037,35.4,21.1,13,17,3.97
1.045,38.1,21,16,17.5,3.3
1.161,33.6,19.3,13,17.5,3.09
1.075,38.5,21.1,16,12.5,2.76
1.014,36.7,20.6,13,13.5,2.68
1.109,36.3,20.7,13,14,2.77
1.008,35.8,19.5,13,13.5,3.39
1.266,41.2,23.7,17,20,3.22
1.121,35.2,20.8,13,12.5,2.35
0.956,34.9,20.5,16,15.5,3.29
1.19,39.7,22.1,16,12,2.26
1.142,34.8,20,13,12.5,2.31
1.048,38.7,20.2,16,12,3.31
1.037,36.9,20.3,13,12,2.5
1.116,36.3,20.1,13,14,2.4
1.125,36.3,19.5,13,13.5,2.73
1.092,35.6,20.9,13,14,2.53
1.004,35.2,19.5,13,12.5,3.44
1.071,34.4,20.2,13,13.5,3.07
0.868,32.7,19.3,13,21.5,4.11
1.119,35.5,20.6,13,13,2.7
1.109,37.1,20.5,13,14.5,2.52
1.209,39.2,21.3,13,13,2.31
1.014,35.1,20.2,11,14.5,3.41
1.101,30.5,18.7,10,25.5,4.28
1.267,39.4,22.6,16,18.5,2.78
1.24,36.5,21,13,14,2.59
1.254,41.3,22.5,10,12.5,2.43
1.125,33.7,20.5,10,24,4.8
1.017,39.7,21.7,11,12.5,3.54
1.041,37.9,21.3,13,12.5,3.28
1.08,40.4,20.9,14,15,2.67
1.025,40.6,21.2,13,14,2.84
1.036,43.5,22,16,12,3.28
0.963,39.2,20.7,17,15,3.49
0.961,35.6,20.2,16,15.5,3.18
1.131,39.7,21.3,16,11.5,2.9
1.074,35,19.5,13,15,3.38
1.098,35.1,20,13,18.5,3.02
1.207,38.6,20.5,16,12.5,2.45
1.119,37.1,20.1,11,12.5,3.17
1.115,38.7,21.4,11,10,2.55
0.925,37.4,21.7,14,15.5,3.82
1.04,38,20.1,14,12,2.9
1.149,39.3,21.7,13,11.5,2.69
0.982,33.1,19,13,14,3.39
0.895,34,19.1,17,17,3.97
1.049,37.1,20.7,14,17.5,4.47
0.897,31.1,18.7,14,15,4.13
1.289,40.1,21.5,14,11.5,2.01
0.953,38.4,19.9,17,13.5,3.34
1.001,35.7,19.2,17,15.5,3.25
0.992,35.2,20.2,17,14,3.63
1.234,40.3,20.6,16,11.5,2.45
1.25,44.8,21.8,16,12,3.34
1.273,42.9,23.2,16,11.5,2.64
1.346,43.6,22.4,14,13.5,3.35
1.039,40.8,21.5,17,12,2.78
0.976,36.6,20,17,13.5,3.45
1.011,38,18.5,17,17,3.55
1.066,39.2,21.6,17,12.5,2.47
0.951,34.4,19.4,17,15,3.26
1.207,38.3,20.6,16,12,2.3
1.014,38.1,19.7,17,14,3.36
1.034,35.6,21,17,17,3.37
1.089,39.4,21.4,17,12.5,2.38
1.061,40.3,21.8,17,13.5,3.27
0.985,34.9,19.4,17,16,3.37
1.043,36.6,20.1,13,14,2.66
1.069,37.1,20.1,13,14.5,2.73
1.069,35.9,20.6,13,13,3.15
1.022,34.9,20.1,13,14.5,3.32
1.146,35.4,20.4,13,16,2.87
1.145,34.7,20.3,13,20.5,2.88
1.341,36.3,21.4,13,17.5,2.05
1.353,36.1,20.4,13,16.5,2.11
1.11,39.5,22.7,12,13,2.54
1.008,34.2,20.1,13,13.5,3.78
1.031,35.4,21.2,13,15,3.32
1.053,34.7,19.7,13,20,3.21
1.048,35.9,21.4,13,14,3.38
1.308,44,22.8,14,12,2.4
1.309,41,23.5,14,10,2.02
1.112,34.1,19.8,11,21.5,2.98
1.119,32.7,19.5,10,23.5,3.74
1.089,32.4,20.3,10,25,3.83
1.204,37.5,22.5,13,19.5,4.66
1.066,34.6,19.9,13,17,3.02
1.049,31.3,18.4,10,25.5,4.38
1.248,35.2,19.6,13,12.5,2.17
1.066,38,20.7,14,13.5,2.84
1.135,34.9,19.7,13,15,3.07
1.193,34.2,20.6,10,23,4.34
0.966,30.6,17.8,13,25,4.02
1.017,33.5,20,11,25,4.95
1.168,33.1,20.1,10,25.5,4.07
1.174,34.1,21,10,24,4.16
1.129,32,19.4,10,25.5,4.41
0.965,31.6,18,10,22.5,4.2
1.145,39.6,22.4,16,12,2.86
1.265,38.4,21.2,14,13.5,2.06
1.019,35.3,21.1,17,16,3.49
1.299,41.2,22.7,16,13.5,2.5
1.08,38.1,20.3,17,13.5,2.67
1.189,40,21.9,17,13.5,2.61
1.229,41,22.9,13,14,2.75
0.967,35.4,20.1,16,17,3.28
1.076,37.3,22,13,15.5,3.35
1.094,37.2,22.5,17,14,3.35
1.106,35,19.7,14,12.5,2.63
1.068,38.5,21.1,14,13.5,2.95
1.16,39.1,21.3,14,12,2.72
1.165,35.7,20.1,13,15.5,2.6
1.003,35.5,20.4,16,14,3.11
1.059,38.3,20.2,16,15,3.3
1.158,37.4,21.6,13,12.5,2.32
1.128,38.1,20.8,14,14,2.71
1.056,37.8,21.1,14,15,3.12
1.006,39.6,21.7,14,12,3.07
0.967,34.4,19.3,14,14,3.6
1.002,38.3,20.2,14,14,3.28
1.019,36,19.6,14,15,2.8
1.062,39.8,20.5,14,14,3.67
1.109,34.3,19.9,14,16,3.42
1.174,42.4,21.4,14,11.5,2.58
1.106,35.1,18.4,13,12.5,2.57
1.099,38.6,20.2,14,12.5,2.66
1.145,40.8,21.3,14,12,2.19
1.148,38,20.8,14,13.5,2.45
1.09,38.3,20.9,14,14,3.68
0.969,38.2,20.8,14,16,4.13
1.382,42.9,20.3,14,10.5,1.86
1.057,34.5,19.3,14,13.5,3.6
1.119,34.2,19.9,14,15.5,3.65
1.023,33.5,20.1,10,24,4.36
0.921,32.5,20.1,10,23,4.96
1.014,39.2,21.9,14,12.5,2.78
1.209,43.4,22.4,14,14,2.48
1.097,42.2,21.2,14,11.5,3.34
1.065,39.2,20.8,14,12.5,2.93
1.054,39.8,21.6,14,12,2.96
1.074,38.2,21.1,14,12,3.25
0.971,40.6,20.3,14,14,4
1.076,45,22.6,14,12.5,2.38
1.121,45.3,22.3,14,16,2.45
1.088,40.4,21.6,14,12.5,2.44
1.108,39.2,20.2,14,13.5,2.26
1.005,34.6,20.2,14,12.5,3.73
1.1,37.2,19.2,17,13.5,2.24
0.939,35.8,21.8,14,22.5,4.38
0.839,33.4,20.1,14,22.5,4.3
1.052,40.5,22.9,16,10,2.76
0.888,34.5,20.1,14,15,4.02
1.061,37.2,22.3,13,14,2.86
1.01,33.7,19.6,14,18.5,4.25
0.956,35.8,20.3,14,14,3.32
1.045,37.7,21.6,14,15,2.57
1.104,40.9,22.2,16,10.5,2.71
1.019,34.1,19.4,13,15.5,3.42
1.01,33.7,19,13,15,3.62
1.053,33.2,18.6,13,14,3.5
1.01,37.1,21.7,14,14,3.14
0.905,34.3,19,17,16,4
0.868,33.1,19,14,15.5,4.09
1.095,39.2,21.5,16,10,2.77
1.051,38.9,20.6,14,12,2.58
1.013,38.4,22.8,13,14,2.96
0.91,33.6,19.2,14,19,3.67
1.112,38.9,22.3,13,15.5,2.53
0.971,35.5,20.8,14,16,3.61
1.081,34.2,19.2,13,15,2.67
1.013,34.7,20.6,13,15.5,2.78
0.962,35.9,21.4,14,17,3.33
0.999,34.9,19.7,14,15,2.81
1.002,35.7,21.1,14,15,3.39
0.984,33.7,19.6,14,15,3.41
1.019,36.3,20.1,13,16,2.73
1.034,35,19.8,13,15.5,3.28
0.907,35.1,20.2,14,15,3.29
0.93,35.9,21.3,16,14,4.01
1.219,43.6,23.2,17,14,2.92
1.058,36.2,21.5,13,14,3.09
1.045,36.5,21.4,13,15.5,3.06
0.999,36.5,19.9,13,14,3.58
1.198,36.2,18.9,14,13.5,2.28
0.989,33.9,19.6,14,17.5,4.11
0.946,33.2,19,14,16,4.02
1.052,35,20.4,13,15,2.95
1.139,37,20.4,13,14,2.77
0.993,35.5,20,16,18.5,3.54
0.966,34,18.9,16,16,3.83
1.043,34.3,19.4,13,16,3.26
1.106,35.9,19.9,13,12.5,2.98
0.998,34.7,20.5,14,18.5,3.62
1.086,37,20.4,13,21,2.89
1.097,37.4,20.9,13,17.5,3.12
1.181,38.7,21.2,16,12,2.21
1.091,38.9,21.3,16,16,3.83
1.137,39.1,20.8,16,12,3.28
1.125,38.5,21.6,13,17.5,3.05
0.993,35.9,20.4,17,17,3.6
1.107,38.9,21.6,14,13.5,2.46
1.052,41,21.3,14,13.5,3.23
0.983,35.1,20.2,14,13.5,2.55
1.183,45.1,22.4,14,13.5,2.83
1.118,39.3,21.9,14,12.5,3.09
0.724,38.6,22.6,54,17.5,8.42
0.702,34.7,19.6,53,17.5,7.38
0.662,31.8,17.6,57,19,8.81
0.801,31.9,19.6,36,23.5,7.47
0.766,38.8,22.6,50,16,8.36
0.728,34.6,19.2,50,16,8.35
0.752,31.1,18.1,47,16,9.31
0.738,34.3,19,50,16,6.8
0.646,31.3,16.9,57,19,7.79
0.723,38.2,21.6,53,17,9.99
0.665,35.2,19.9,57,17,8.31
0.759,38,22.5,51,16,10.05
0.729,35.4,19.2,53,16,8.41
0.713,34.5,20.2,43,14,5.7
0.779,34.5,19.7,51,18.5,6.69
0.71,36.2,20.5,49,15,8.52
0.711,36.3,21.4,53,15.5,8.43
0.713,34.6,18.6,46,15.5,6.77
0.718,34.2,19.8,43,15.5,7.1
0.723,34.5,19.4,43,14,5.62
0.789,34.1,19.6,46,15.5,5.81
0.657,32,17.9,43,14,7.3
0.683,36.7,21.9,54,17,7.97
0.718,33.7,17.2,46,14,6.8
0.657,33.4,17.8,51,17.5,7.26
0.712,32.7,18.5,57,17.5,7.93
0.731,34.5,19.3,43,15,7
0.713,33.2,17.8,46,17,6.62
0.713,33.6,18.4,47,19,7.75
0.674,32.1,17.9,41,23,5.66
0.685,30.9,18.4,43,20.5,7.37
0.669,32.4,17.5,43,21,8.32
0.662,32,18,36,23.5,7.53
0.639,31.6,17.7,40,17.5,8.3
0.633,33.9,17.9,53,15.5,9.41
0.645,33,18.3,53,17.5,7.97
0.716,33.3,19.1,47,15.5,6.43
0.613,33.5,18.2,57,17,8.44
0.687,33.2,18.6,53,18.5,5.58
0.654,32.5,18.1,49,15.5,7.07
0.653,34.4,18.3,50,15.5,7.69
0.617,32.6,18.6,57,22.5,9.32
0.682,33,19.4,43,21,8.1
0.641,31.3,17.2,53,15.5,7.34
0.641,32.1,17.2,57,19.5,9.07
0.632,31.1,17.1,53,17.5,8.44
0.619,30.5,17.9,50,17,7.95
0.641,33.4,18.8,54,18.5,8.89
0.65,32.4,18.2,51,17,7.12
0.623,31.7,17.2,53,17,8.51
0.623,31.5,18.3,49,20.5,9.25
0.655,34.5,18.2,53,19.5,8.36
0.729,37.9,21.5,53,17,7.23
0.597,31.3,17.2,57,16,8.6
0.632,32.6,18.9,57,21,8.01
0.677,34.1,19.3,46,17,7.8
0.633,32.9,18.6,53,17,7.72
0.679,34.2,17.8,44,21.5,7.22
0.753,35.4,21.5,36,17.5,7.6
0.637,32.1,18.1,53,18.5,8.23
0.665,33.6,18.3,53,16,7.69
0.654,35.1,19.2,50,15.5,6.67
0.719,37.7,21.1,50,18.5,7.23
0.7,33.7,18,43,19,7.39
0.706,35.1,19.3,43,15,6.35
0.705,32.7,17.2,43,17,8.61
0.687,32.1,17.7,43,16,7.13
0.662,33.7,17.9,49,18.5,9.08
0.693,32.8,18.6,43,22.5,6.14
0.715,33.3,18.9,50,18.5,7.05
0.742,34.4,20.1,46,17,7.23
0.696,32.3,18,47,18.5,7.23
0.737,34,19.9,46,19.5,8.6
0.737,34.1,19.5,47,16,6.08
0.698,32.5,18,50,19.5,8.48
0.704,33.7,19.5,46,18.5,9.08
0.701,33.4,19.3,46,15.5,8
0.7,33,18.6,49,17,7.81
0.701,34,19.7,49,16,7.78
0.77,35.1,20,44,19,7.26
0.711,33.2,18.9,43,16,8.61
0.746,33.4,19.3,43,14,6.99
0.69,31.1,16.6,43,16,7.07
0.69,30.8,16.4,43,16,6.25
0.695,31,16.2,43,15.5,6.04
0.733,31.6,17.2,43,14,7.31
0.702,31.5,17.2,44,19,6.37
0.691,30.8,16.7,43,14,6.36
0.742,31.8,17.5,43,19.5,7.14
0.601,32.3,17.7,50,19.5,8.43
0.718,33.4,18.2,43,16,7.72
0.66,30.7,16.6,43,22.5,7.92
0.637,31.3,17.2,49,17.5,7.4
0.726,33.3,18.8,41,14,6.53
0.763,33.8,19.4,43,15.5,6.13
0.755,33.3,18,43,20.5,7.37
0.686,31,16.5,49,21,10.25
0.775,32.1,17.9,43,17,7.91
0.73,34.2,19,43,19.5,9.07
0.73,32.7,17.6,43,19.5,8.99
0.728,33.3,18.1,43,17,6.48
0.673,32.1,17.4,50,23,9.24
0.672,33.4,18.3,50,21,7.79
0.743,32.6,18.3,43,19,7.34
0.808,34,18.9,43,20.5,7.95
0.735,31.9,17.8,43,21,7.55
0.7,31.6,17.4,43,19,8.8
0.649,32.7,18.1,49,19,9.54
0.687,33.9,17.4,49,21.5,9.37
0.733,31.5,17.2,43,19.5,9.24
0.677,33.3,17.5,44,17,7.39
0.76,32,17.9,43,16,6.67
0.686,33.4,19,43,15,7.12
0.747,34.8,20.4,43,15.5,7.98
0.626,31.8,17.6,50,22.5,8.78
0.672,32.5,18.3,50,23,7.84
0.657,33.5,18.9,53,20.5,8
0.712,32.2,18,47,18.5,7.19
0.664,32.8,18,53,20.5,9.26
0.726,35.6,21.2,46,17,7.92
0.638,34.2,18.9,49,19.5,7.91
0.711,34.2,19.9,43,17.5,7.5
0.7,33.3,19,43,17,8.4
0.672,32.4,18.3,47,19.5,7.59
0.726,35,20.2,49,17.5,6.43
0.697,32.2,17.8,43,17,6.76
0.703,33.1,18.1,50,21,9.18
0.709,33,18.9,47,16,7.78
0.722,34,19.6,43,15.5,7.44
0.672,32.4,17.7,44,20.5,9.13
0.723,34.6,20.2,43,19,7.56
0.739,32.4,20.4,43,21,9.29
0.781,38.6,21.7,43,17,8.03
0.763,35,20.9,43,17.5,7.66
0.675,30.9,16.4,43,14,7.25
0.719,35.6,19.5,43,20.5,8.1
0.71,34.8,18.9,50,20.5,8.92
0.681,33.6,18.7,47,20.5,7.06
0.68,34.6,18.8,44,18.5,8.81
0.849,36.6,20.1,43,17,5.24
0.816,36.2,19.6,47,19.5,8.78
0.697,35.2,19.3,57,20.5,7.54
0.722,35.5,19.2,46,17.5,7.45
0.671,36.3,19.8,57,20.5,8.74
0.701,33.6,18.5,54,21,7.64
0.74,35.2,19.1,43,20.5,6.47
0.719,34.7,19.8,43,18.5,6.43
0.693,33,18.5,43,23.5,6.94
0.733,31.8,17.6,44,18.5,6.58
0.714,33.3,18.3,43,19.5,6.09
0.714,33.4,18.7,51,19,7.05
0.749,32.7,18.3,43,18.5,6.17
0.726,33.8,19,43,17.5,6.45
0.806,34.8,19.6,43,15.5,5.99
0.725,33.1,18.6,43,19.5,7.37
0.711,31.8,17.6,43,16,6.17
0.696,32.6,18.1,49,19,7.46
0.702,34,19.4,47,17.5,7.7
0.698,33.2,19,46,15,7.22
0.732,34.7,19.8,43,21,8.44
0.775,32.2,18.1,43,17.5,7.56
0.796,33.3,17.3,39,19,6.43
0.714,34.6,18.8,43,19.5,9.59
0.665,32.5,18.2,49,18.5,7.44
0.694,32.5,18.4,43,16,6.85
0.69,38,21,44,15,8.82
0.775,30.7,16.7,43,18.5,7.82
0.683,33.1,18.4,46,18.5,7.25
0.679,33.2,18.5,46,19,7.47
0.689,34.7,18.8,54,21,7.29
0.731,37.3,20.4,49,16,8.77
0.727,38.3,20,43,16,6.63
0.743,34.9,18.6,43,17,8.22
0.7,33.9,18.6,43,16,8.53
0.693,32.5,17.9,43,16,6.63
0.759,39.6,20,43,21.5,6.08
0.729,35.3,19.4,50,17.5,8.51
0.714,37.3,20.4,53,17,6.13
0.667,33,18.7,57,17,8.59
0.742,32,17.6,49,17,7.79
0.692,31.7,17.5,57,18.5,8.61
0.698,32.1,17.3,53,17.5,7.21
0.745,37.1,20.3,53,17,8.99
0.707,32.9,18.4,47,17,7.38
0.672,31.1,17,57,17,7.37
0.736,35.1,18.8,43,14,6.67
0.734,36.5,20.4,47,18.5,8.85
0.687,31.5,17,51,18.5,8.03
0.704,33.3,18,53,19.5,7.63
0.697,31.7,16.8,53,17,6.59
0.732,30.5,16.1,47,15.5,6.72
0.69,34,19.3,57,18.5,8.06
0.696,33.8,19.4,53,17,8.7
0.719,33.7,19.4,43,14,6.57
0.756,32.7,17.7,43,16,6.44
0.731,34.3,19.3,43,14,6.84
0.744,32.2,17,43,14,6.25
0.76,33.2,17.8,43,15,7.64
0.739,33.5,18.4,43,14,6.56
0.809,34.4,20.3,43,14,6.47
0.753,36.7,21.6,43,17,8.46
0.692,32.6,18.2,49,17,6.22
0.709,35.3,20.4,43,15.5,8.23
0.754,37.2,20.9,43,14,6.58
0.737,37.5,20.5,43,15,7.25
0.667,33.9,19.3,57,15,7.09
0.774,34.5,19.5,51,17.5,8.16
0.75,34.2,19,43,15.5,5.69
0.708,34.6,19.3,43,14,6.25
0.723,34,19.7,53,17,7.6
0.675,33.3,18.5,47,16,6.51
0.721,36.1,21,53,17,8.07
0.751,34.9,19.6,43,15.5,8.22
0.712,34.4,19.4,47,15.5,7.15
0.811,35.3,19.6,43,17,5.83
0.754,33.9,17.2,46,19,6.49
0.702,31.3,17.1,47,14,8.83
0.698,33.3,18.8,47,19.5,7.17
0.705,32.4,16.9,46,15.5,7.86
0.736,32.9,17.7,43,15.5,6.77
0.652,32.7,18.2,53,17.5,8.46
0.665,31.7,17.1,51,19,7.97
0.72,33.2,18.2,49,18.5,6.74
0.715,33.9,19,43,17,7.56
0.721,33.7,19.6,46,15,6.27
0.674,31.7,17.6,47,16,6.8
0.673,32.9,18.6,49,15.5,7.33
0.736,33.3,18.8,47,17,7.39
0.691,35.6,20.3,47,15,6.37
0.701,33.1,18.2,43,14,7.49
0.73,34.7,19.5,47,17,6.21
0.71,34.8,20.4,47,15,6.38
0.683,32.7,17.1,50,17,8.34
0.702,37.9,21.7,49,15.5,8.02
0.665,33.8,18.2,49,17.5,7.33
0.684,33.5,18.5,47,21,7.8
0.712,33,18.5,50,20.5,6.6
0.684,35,19.4,50,19,6.36
0.711,33.1,18.5,43,17,5.59
0.722,35,19,49,18.5,6.96
0.702,33.9,18.6,51,16,6.95
0.733,35.1,19.3,46,17,5.95
0.705,34,19.1,49,17,8.06
0.762,35.8,20.6,51,19,7.92
0.743,35,20.4,46,14,5.29
0.746,35.2,20.3,46,15,6.61
0.643,31.4,16.7,47,21,7.26
0.665,34.8,20.1,43,15.5,8.17
0.699,32.2,17.8,53,21,7.54
0.695,33.2,17.8,46,16,7.78
0.703,33.4,19.1,50,21.5,8.88
0.702,34.3,18.7,46,19,8.08
0.679,34.8,17.8,46,17.5,8.05
0.701,35.3,18.8,46,21,8.16
0.719,33.7,17.9,43,17.5,7.25
0.691,33.4,19.1,43,16,8.05
0.673,31.9,17.3,43,19.5,7.98
0.664,32,16.6,43,17.5,8.02
0.653,32.8,18.5,43,21,9.74
0.669,31,16.8,43,16,8.82
0.672,34.2,19.3,49,19,7.06
0.681,33.3,17.9,53,19,8.09
0.689,34.8,19.6,49,17.5,9.35
0.682,33.3,18.9,50,18.5,6.84
0.673,34.5,19.9,47,18.5,9.85
0.68,34.5,19.1,50,17,7.87
0.702,34.3,18.7,46,19,8.08
0.673,31.9,17.3,43,19.5,7.98
0.664,32,16.6,43,17.5,8.02
0.714,40.1,20,46,15.5,8.09
0.744,38.5,20.9,43,13.5,8.08
0.848,40.1,20.5,40,12.5,6.65
0.813,31.3,17.2,43,17,6.97
0.79,34.9,18.4,43,18.5,5.55
0.823,38.4,21.6,41,15.5,5.88
0.643,31.2,16.9,43,19,10.23
0.735,36.9,20.2,43,17,7.89
0.777,33,18.8,43,16,8.31
0.884,37.8,20.3,36,18.5,8.96
0.764,40.5,22.8,36,14,9.68
0.708,36.1,20,51,19,7.54
0.768,37.2,21.1,46,17.5,7.07
0.756,35.9,19.1,50,15.5,6.73
0.81,37.1,20.6,46,15,8.81
0.777,37.2,20.3,46,15.5,8.49
0.735,35.1,18.8,50,15,7.86
0.741,34.5,18.7,50,17.5,7.77
0.704,38.2,22.7,57,17.5,8.69
0.777,34.4,18.5,43,15.5,5.96
0.81,32.1,17.8,36,17.5,6.12
0.763,34.3,18.5,50,18.5,7.65
0.8,33,20,36,22.5,8.01
0.649,33,18.2,57,22.5,9.66
0.809,37.7,22.2,43,14,9.05
0.793,36,19.9,46,15,6.6
0.755,37.4,22.3,43,15.5,8.7
0.803,35.6,20.5,50,19,6.92
0.679,32.6,18,46,17,7.95
0.676,32.7,18.1,43,20.5,6.11
0.665,33.4,19.1,47,19,6.08
0.664,33.9,19,47,18.5,7.76
0.704,34.1,19.3,47,15,6.05
0.641,34.1,19.7,46,20.5,7.2
0.637,32.4,17.8,50,18.5,10.18
0.794,38.1,22.8,43,15.5,7.49
0.875,38.8,21.9,43,17,5.25
0.687,36.6,20.3,53,14,8.84
0.694,32.7,18.1,47,14,6.29
0.721,34,19.3,43,15.5,5.98
0.786,34.9,20,43,15,5.7
0.84,38.3,21.9,43,15,6.73
0.855,34.6,19.9,36,18.5,6.33
0.74,35.7,21.4,43,17,8.18
0.761,36.6,21,43,15.5,9.23
0.79,37.8,22,47,15,6.25
0.707,32.3,18.2,43,15,5.27
0.767,38.6,21.6,43,15,5.92
0.753,38.6,21.8,46,15.5,9.54
0.889,36,20.5,36,17,5.07
0.698,39.4,22.6,43,19,8.65
0.685,40.1,22.1,49,17.5,7.77
0.7,36.1,21,43,18.5,9.34
0.763,40.3,21.7,43,19,7.57
0.788,37,20.1,43,14,7.01
0.781,39.8,21.1,43,15.5,7.56
0.73,38.2,22.4,43,18.5,9.75
0.764,39.4,22.7,43,19.5,7.49
0.853,38.7,22.1,43,16,6.26
0.736,38.2,22,43,18.5,7.84
0.793,40.4,22.9,43,16,7.66
0.727,38.7,22,43,18.5,5.82
0.724,39.6,22.3,43,16,9.02
0.731,40.7,21.1,47,18.5,9.76
0.752,39.2,22.7,43,17,9.21
0.838,39.1,20.7,43,17.5,8.12
0.719,37.2,22,46,21,8.1
0.779,34.3,18.9,43,19,8.68
0.811,38,21.3,43,17.5,4.99
0.814,35.4,21.3,43,20.5,7.2
0.846,34.2,19.2,43,18.5,6.88
0.684,33.5,19.4,43,19.5,9.13
0.796,35,20.7,36,17,7.16
0.634,31.8,17,54,16,9.67
0.771,34.5,19.9,50,21,7.49
0.74,37.1,20.8,47,19,9.74
0.853,36.6,20.6,40,18.5,8.42
0.666,33.8,18.5,50,21,8.89
0.855,35.6,20.5,43,17,6.54
0.712,34.9,20.5,51,18.5,8.99
0.796,37.5,20.7,51,15.5,8.59
0.662,33.2,19.1,43,19,7.29
0.653,34.5,19.9,49,19.5,7.2
0.673,33,18.7,49,20.5,9.95
0.691,32.8,18.5,43,17,7.94
0.77,36,20.4,46,17,8.63
0.668,36.2,21.2,47,21,7.37
0.762,33.9,19.8,47,16,6.98
0.698,38.6,21.4,43,15,7.23
0.775,36.3,19.6,41,18.5,7.53
0.662,35.7,19.5,43,17.5,6.99
0.778,36.8,21.4,46,17,6.06
0.72,33.6,18.9,53,19,7.49
0.675,35.6,20.6,43,18.5,8.43
0.669,36.7,20.1,53,19.5,8.47
0.723,34.5,18.7,50,18.5,8.17
0.702,35.1,20.3,54,15.5,7.78
0.75,34.1,18.3,50,15,8.86
0.694,38.2,22,57,15,8.55
0.715,32.4,16.8,47,18.5,7.48
0.648,35,19.1,46,17,8.6
0.642,35,19.3,57,18.5,9.66
0.631,32.5,17.9,57,21.5,10.21
0.73,37.8,21.9,47,18.5,8.65
0.945,31.9,19.7,17,23.5,6.01
0.887,32.9,19.2,16,23.5,5.22
0.826,32.6,19.5,17,23.5,5.69
0.891,36.2,21.7,19,19.5,6.19
0.947,35.3,20.4,20,19.5,5.62
0.944,36.6,20.9,21,18.5,6.26
0.93,33.5,19.7,17,21,6.16
0.882,31.6,18.9,14,23,5.26
0.888,32,19.6,14,22.5,6.06
0.905,36.1,20.6,21,22.5,5.13
0.921,36.6,21.7,21,19,5.36
0.899,37.6,22.9,20,17,6.21
0.824,33.9,20.1,14,23.5,6.19
0.912,37.4,22.6,21,19,5.05
0.971,35.6,21,16,18.5,4.63
1.028,36.7,20.3,17,17.5,4.39
0.846,31.5,18.9,14,23.5,6.33
0.842,31.3,18.9,14,23,6.99
0.931,36.1,21.7,21,16,5.71
0.877,31.3,17.9,14,22.5,7.09
0.858,34.6,20.7,17,21,6.67
0.868,32.1,19.8,14,23,5.25
0.844,29.7,17.3,16,24,5.65
0.939,34.7,20.5,21,17.5,4.15
0.915,38.8,22.2,21,17,5.04
0.965,36,21.1,21,16,4.04
0.946,38.4,22.8,21,17,4.77
0.943,36.1,21.2,21,16,5.17
0.927,34.7,19.1,21,21,4.62
0.992,35.7,20.3,21,17.5,5.73
1.003,36.7,20.1,21,18.5,5.79
0.955,37.8,21.3,22,17.5,4.89
0.933,35.8,20.2,22,19,6.93
0.972,35.9,21.3,22,19.5,6.55
0.878,33.5,18.2,23,17.5,5.81
0.883,32.9,20.2,17,22.5,6.47
0.951,36,21.7,21,21,5.8
0.891,35.9,20.5,23,18.5,5.59
1.002,38.5,22.3,21,19.5,5.68
0.91,33.6,18.3,23,18.5,5.24
0.998,38.5,22.2,17,19,3.68
0.974,36.9,21.6,19,19,6.97
0.96,36.3,19.9,19,19,5.27
1.081,38.8,21.9,20,17.5,3.4
0.99,33.2,21.1,14,23.5,4.35
0.986,37.1,21.2,17,17.5,4.83
1.079,38.9,22.7,19,16,4.27
0.985,37.2,21.6,17,17.5,4.43
1.078,38.9,22.1,17,20.5,4.75
1.053,37.6,20.9,17,15.5,3.85
1.073,38.3,21.9,19,17,3.79
1.119,40.2,23,19,12.5,3.64
1.148,40.8,22.8,19,15.5,3.35
1.093,40.2,23,17,14,3.39
1.094,38.4,21.2,17,12.5,4.13
0.945,31.9,19.7,17,23.5,6.01
0.887,32.9,19.2,16,23.5,5.22
0.826,32.6,19.5,17,23.5,5.69
0.891,36.2,21.7,19,19.5,6.19
0.947,35.3,20.4,20,19.5,5.62
0.944,36.6,20.9,21,18.5,6.26
0.93,33.5,19.7,17,21,6.16
0.882,31.6,18.9,14,23,5.26
0.888,32,19.6,14,22.5,6.06
0.905,36.1,20.6,21,22.5,5.13
0.921,36.6,21.7,21,19,5.36
0.899,37.6,22.9,20,17,6.21
0.824,33.9,20.1,14,23.5,6.19
0.912,37.4,22.6,21,19,5.05
0.971,35.6,21,16,18.5,4.63
1.028,36.7,20.3,17,17.5,4.39
0.846,31.5,18.9,14,23.5,6.33
0.842,31.3,18.9,14,23,6.99
0.931,36.1,21.7,21,16,5.71
0.877,31.3,17.9,14,22.5,7.09
0.858,34.6,20.7,17,21,6.67
0.868,32.1,19.8,14,23,5.25
0.844,29.7,17.3,16,24,5.65
0.908,32.7,19.2,14,23.5,5.54
0.818,33.2,20.8,17,24,6.1
0.816,30,17.8,17,25.5,7.38
0.829,33.7,20.4,16,24,6.23
0.838,34.4,21.7,17,24,6.35
0.796,32.4,20.1,20,24,6.58
0.865,32.1,20.6,16,24,6.41
0.894,32.4,19,23,22.5,5.79
0.945,38.8,22.1,21,20.5,5.26
0.878,36.1,21.5,21,21,5.92
0.903,33.7,20.8,14,24,8.03
0.936,29.9,17.8,16,25,6.42
0.905,32.8,19.8,16,25.5,6.1
0.917,33.4,18.9,21,19,5.58
0.86,31.6,19.4,19,23,5.94
0.887,32.9,20.2,19,23,7.1
0.825,30.6,20.5,14,25,7.49
0.847,32.2,18.6,14,25.5,6.19
1.081,38,20.9,19,17,3.15
1.082,40.3,21.9,20,12.5,4.71
0.908,38.9,22.7,26,20.5,6.12
0.961,38.4,22.3,26,17.5,6.26
0.937,36.7,20.1,26,21.5,6.03
0.883,31.7,18.3,16,23.5,5.56
0.966,35.3,21.1,21,18.5,5.95
0.847,35.3,19.6,23,18.5,5.9
0.864,33.2,19.1,23,17,6.55
1.004,37.3,22.5,21,18.5,6.24
0.838,34.9,19.8,24,21,6.09
0.844,36.2,21.6,23,21,6.31
0.818,33.1,19.2,17,23.5,7.53
0.97,32.5,18.2,17,17,4.29
0.989,34.2,18.5,17,21,4.4
0.98,36.8,20.7,19,18.5,4.47
0.961,35.3,20.7,20,18.5,4.14
1.103,39.5,22.3,19,16,3.43
1.075,38.6,21.3,19,17,3.26
1.033,37.4,21.6,20,17.5,3.88
1.018,36,20.1,17,15,4.33
1.045,37.9,20.4,17,19.5,4.2
1.042,42.2,22.1,17,12.5,4.68
1.015,36,20.9,19,17,4.23
1.001,35.3,20.8,17,17,4.65
1.033,40.1,22.6,19,17.5,4.69
1.053,40.3,21.9,19,17.5,4.11
0.982,36.1,21.7,17,14,4.56
1.007,34.1,19.8,19,18.5,4.01
0.992,34.6,19.6,17,17.5,5.85
0.995,36.7,21.4,19,16,4.58
0.966,33.6,19.4,21,19,5.75
1.018,36.4,20.5,17,15.5,4
1.065,40,22.6,19,16,3.92
0.968,33.5,19.1,17,17.5,3.93
1.061,38.9,21.4,17,14,3.15
0.977,35.8,20.4,19,19,3.7
0.971,35.2,19.1,20,19,3.86
1.083,43.4,23,15,14,4.3
1.028,39.6,21,16,11.5,4.44
1.023,41.2,23.2,21,15.5,4.88
1.036,41.3,21.5,20,14,5.32
0.937,40.9,21.1,19,17,5.13
1.054,42.4,22.6,17,17,3.52
1.066,41.5,22.9,16,16,4.48
1.025,40.2,22.7,17,15,4.19
1.062,42.2,23.6,19,17.5,3.38
1.136,43.1,21.3,17,17,4.64
1.016,42,21.9,17,17.5,4.64
1.146,40.9,21.9,26,12.5,4.15
0.799,31.3,18.5,17,25,5.69
0.949,36.9,20.6,21,18.5,5.86
0.925,34.8,19.9,21,21,6.07
0.896,38,19.8,21,14,5.03
1.028,38.4,21.1,21,15.5,3.49
0.818,34.4,19.3,21,18.5,6.35
1.048,38,21.3,20,17.5,6.28
0.968,36.2,20.1,21,21.5,6.26
0.927,38.6,20.5,21,15.5,7.17
0.861,33,19.6,19,25,6.41
1.03,40.1,20.6,21,17.5,4.28
1.087,41.2,22.5,21,17,4.02
0.917,40.3,22.1,24,16,5.8
0.868,41.4,23.1,26,15.5,6.3
0.834,40.5,21.7,26,15,6.98
0.909,40.7,22.8,24,15,6.48
0.918,41,22.8,24,15,6.37
0.899,40.1,21.3,26,15,6.86
0.921,39.4,21.8,26,15,6.6
0.936,34.3,20,21,17,4.65
1.063,38.4,22.8,19,18.5,5.57
1.036,37.4,22,21,19.5,4.37
0.991,30.2,18.1,17,24,4.58
1.025,37.3,20.8,19,17,5.67
0.929,31,18.6,14,22.5,6.12
0.949,34.2,20,19,19.5,5.68
0.934,34.4,19.2,21,18.5,6.23
0.964,35.3,20.4,21,19.5,4.31
1.007,35.4,19.6,21,17,4.21
0.991,35.4,20.6,20,15.5,6.1
0.945,34.7,19.5,21,19.5,5.9
0.973,35.2,20.2,21,19,5.54
0.949,34,19.6,21,19,5.39
0.884,35.2,19.2,21,17.5,5.51
0.946,35,20.2,23,19,6.02
0.942,32.5,19.3,16,22.5,5.32
0.945,35.5,20.8,21,17.5,4.91
0.981,36.3,19.7,23,18.5,6.93
0.962,34.9,19.9,21,17.5,4.14
0.92,32.4,20,16,23.5,5.41
0.899,35.3,21.1,21,17,5.47
0.926,32.3,18.8,16,23,7.74
0.991,35,19.5,21,19,5.07
0.93,36.7,21.9,21,17,4.71
0.92,31.9,18.6,14,22.5,5.58
0.962,34.7,20,23,17,4.23
1.016,35.9,19.3,20,17,4.24
0.943,35.5,19.3,21,20.5,5.55
0.962,34,19.7,21,17.5,5.37
1.115,42.5,22.9,14,12.5,5.92
0.981,39.3,21.6,19,15.5,6.06
0.978,42.5,22.3,21,15,6.33
0.955,30.9,17.3,14,26,5.92
0.876,34.9,20.1,24,19,4.84
1.048,38.7,21.4,14,12.5,7.04
0.892,35.8,19.2,23,22.5,5.23
0.994,32.9,19.9,14,25,5.76
1.016,37.9,21.8,21,19,4.19
0.995,37.7,22.1,21,17.5,6.04
0.928,36.3,21.1,21,15.5,5.06
0.912,42.4,22.9,20,19.5,5.87
0.91,34.8,22.6,17,23.5,6.18
1.021,37.7,23.1,24,19,5.45
0.957,34.9,21.3,17,25,5.31
0.961,34.6,20.5,23,19,5.56
1.019,38.2,23.4,19,19,5.16
0.98,36.9,22,26,19.5,4.96
0.955,31.7,18.2,21,19.5,4.98
0.983,36.3,20.8,24,17,5.62
1.003,35.9,19.9,21,18.5,5.17
1.022,36.8,20.2,21,19,4.21
0.958,36.4,21,23,20.5,4.46
0.952,34.1,19.9,21,17.5,5.92
0.991,31,18.9,14,22.5,4.78
0.933,29.5,18.6,17,25.5,4.91
1.012,38.4,22.2,21,19.5,4.43
0.904,36.1,22.2,14,25,4.11
0.965,33.2,19.9,16,22.5,4.89
0.964,35.8,20.5,20,18.5,4.46
0.949,36.4,22,21,19.5,5.62
0.945,33.6,21.6,16,23,4.89
0.921,34.1,20.7,14,24,6.56
0.945,30.8,17.8,16,23.5,6.01
0.868,32,19.4,17,25.5,5.09
0.853,32.1,18.6,17,24,6.15
0.865,32.1,19.4,17,24,5.18
0.875,32.5,19.1,16,22.5,5.25
0.891,31.9,20.6,17,23,5.88
0.832,32.8,20.1,19,25.5,5.19
0.899,34,19.8,20,18.5,5.57
0.857,30.9,18.8,19,27,5.56
0.885,30.2,18,17,24,6.29
0.856,31.9,19.8,16,24,5.24
0.85,33.3,20.2,17,23,7.37
0.853,32.6,20.2,17,23.5,4.53
0.818,30.7,19,17,23.5,6.35
0.842,34,20.4,14,25.5,5.95
0.834,31.3,17.9,19,25.5,7.58
0.915,36.5,21.9,21,21,5.36
0.816,34.3,21.5,14,22.5,5.27
0.864,34.1,20.4,14,27.5,7.65
0.773,29.1,17.5,14,28,6.55
0.881,35.4,20.4,23,18.5,6.8
0.877,33.3,19.7,17,25.5,6.17
0.945,32.1,19.1,17,23,5.78
0.861,32.1,18.4,19,23.5,6.39
0.877,30.4,17.6,19,24,5.93
0.895,32.6,19.2,17,24,6.1
0.868,34.7,18.9,23,19,6.61
0.9,33.3,20.2,19,23.5,6.15
0.904,38.5,21.5,26,19,7.27
0.791,30.6,17.5,19,23.5,7.81
0.876,34.6,20.8,17,22.5,8.73
0.768,30.6,16.9,17,23.5,6.79
0.866,34.7,19.8,24,18.5,5.17
0.854,31.9,19.4,17,25.5,7.12
0.873,35.7,20.6,21,19.5,5.21
0.76,29.8,16.2,19,22.5,6.08
0.88,32.2,19.8,17,23.5,6.74
0.87,33.3,19.5,17,23,6.78
0.882,36.6,20.7,24,19,6.62
0.843,32.9,19.7,17,23.5,8.91
0.879,38.3,21.3,23,18.5,6.35
0.89,34.1,20.3,17,23,6.8
0.9,33.2,19.4,16,23,6.22
0.85,34.8,19.3,24,19,7.04
0.818,30.7,19,17,23.5,6.35
0.842,34,20.4,14,25.5,5.95
0.834,31.3,17.9,19,25.5,7.58
0.915,36.5,21.9,21,21,5.36
0.816,34.3,21.5,14,22.5,5.27
0.864,34.1,20.4,14,27.5,7.65
0.773,29.1,17.5,14,28,6.55
0.996,31.1,18.4,17,24,5.84
0.904,31,18,19,25.5,6.76
0.891,31.1,19.9,19,23.5,6.16
0.895,34,20.4,19,22.5,7
0.782,28.2,16,14,25,5.22
0.936,30.7,18.3,14,23.5,6.96
0.927,31.5,17.6,14,25,4.85
0.924,31.4,19,14,26,5.8
0.972,35.6,20.5,21,18.5,5.35
0.99,37.2,21.6,17,19,3.77
0.888,35,19,21,18.5,4.92
0.837,31.2,18.2,17,23.5,6.54
0.954,34.4,20.9,14,23.5,4.32
0.699,30.8,18,21,23.5,5.95
0.921,34.1,21.1,16,23,5.92
0.999,35,20.4,20,20.5,5.28
1.024,36.7,20.8,21,19.5,4.45
1.033,37.3,20.9,20,20.5,4.18
0.91,35.6,19.6,21,21,4.06
0.946,32.9,18.9,17,23.5,4.16
0.92,35.7,20.5,21,21,6.13
0.943,31.3,19.3,14,26,4.87
0.905,32.7,18.8,14,25.5,5.31
0.904,31,18,16,25,4.41
1.005,35.9,20.3,20,21,4.78
0.818,31,17.7,17,23,6.11
0.752,27.5,16.5,17,23,6.47
0.924,32.4,19.1,16,23,6.92
0.946,34.3,19.4,21,19.5,6.93
0.897,32.6,18.9,17,24,6.22
0.866,32.6,19.9,17,23.5,6.56
0.847,32.5,19,17,23.5,5.6
0.871,30.9,18.2,16,25.5,6.01
0.749,30,17.3,20,25,5.77
0.761,31.5,18.6,17,23,6.15
0.902,34,19.4,23,19,7.36
0.804,29.8,17.5,16,21,7.76
0.805,33.3,18.9,29,21.5,7.96
0.735,31.1,17.9,20,21.5,7.16
0.933,36.9,20.6,23,19.5,5.51
0.951,32.1,19.6,14,25.5,5.1
0.901,35.4,19.7,21,18.5,7.06
0.869,34.4,18.8,21,22.5,7.7
0.871,35.5,19.8,21,21.5,6.49
0.854,32.3,19.5,17,27.5,7.78
0.838,33.3,20.2,17,25,7.72
0.808,33.3,20.4,19,23.5,6.35
0.843,35,20.5,21,20.5,7.41
0.838,32.9,19.6,14,23.5,7.97
0.797,32.2,20.1,29,25,8.88
0.887,30.4,17.8,14,23.5,7.81
0.875,30.7,18,29,24,6.58
0.844,32.4,20.3,19,25,6.17
0.823,32.1,19.4,29,23.5,7.04
0.829,32.7,19.7,29,23.5,5.24
0.866,37.6,21.7,21,21.5,7.72
0.765,32.4,19.4,29,25.5,7.35
0.838,31.3,19.2,29,23.5,7.84
0.986,34.1,20.7,16,25,5.39
0.983,35.3,20.2,20,19.5,3.94
0.923,28,17.7,14,27.5,6.37
0.864,33,18.3,20,19.5,5.54
0.964,32.4,18.9,16,22.5,4.11
0.913,32.3,18.6,16,23.5,6.42
0.881,29.8,16.1,16,22.5,6.05
0.904,31.1,17.2,14,27,7.89
0.986,36,20.1,19,21.5,4.18
1.022,37.8,21.2,21,21,4.62
0.953,34.4,19.7,21,19,6.08
0.851,34.8,21.3,19,23.5,4.93
0.871,32.2,18.2,17,22.5,7.81
0.873,31.1,18.6,19,25,5.8
0.952,32.4,18.8,16,23,5.33
0.911,32,19.3,17,22.5,8.33
0.901,28.7,16.7,14,23.5,6.64
0.651,32.4,18.7,29,23.5,10.56
